Product code,Station number,Year,Month,Monthly Precipitation Total (mm),Quality
IDCJAC0001,86071,1855,4,69.7,Y
IDCJAC0001,86071,1855,5,43.8,Y
IDCJAC0001,86071,1855,6,46.8,Y
IDCJAC0001,86071,1855,7,44.4,Y
IDCJAC0001,86071,1855,8,21.5,Y
IDCJAC0001,86071,1855,9,105.3,Y
IDCJAC0001,86071,1855,10,67.6,Y
IDCJAC0001,86071,1855,11,41.4,Y
IDCJAC0001,86071,1855,12,101.4,Y
IDCJAC0001,86071,1856,1,60.4,Y
IDCJAC0001,86071,1856,2,24.9,Y
IDCJAC0001,86071,1856,3,71.4,Y
IDCJAC0001,86071,1856,4,121.1,Y
IDCJAC0001,86071,1856,5,75.1,Y
IDCJAC0001,86071,1856,6,71,Y
IDCJAC0001,86071,1856,7,59.8,Y
IDCJAC0001,86071,1856,8,31.1,Y
IDCJAC0001,86071,1856,9,88.6,Y
IDCJAC0001,86071,1856,10,70.6,Y
IDCJAC0001,86071,1856,11,35.4,Y
IDCJAC0001,86071,1856,12,46.7,Y
IDCJAC0001,86071,1857,1,31.2,Y
IDCJAC0001,86071,1857,2,101,Y
IDCJAC0001,86071,1857,3,96.5,Y
IDCJAC0001,86071,1857,4,25.1,Y
IDCJAC0001,86071,1857,5,50.8,Y
IDCJAC0001,86071,1857,6,50.7,Y
IDCJAC0001,86071,1857,7,29.6,Y
IDCJAC0001,86071,1857,8,43.1,Y
IDCJAC0001,86071,1857,9,97.6,Y
IDCJAC0001,86071,1857,10,134.2,Y
IDCJAC0001,86071,1857,11,53.8,Y
IDCJAC0001,86071,1857,12,21,Y
IDCJAC0001,86071,1858,1,22.4,Y
IDCJAC0001,86071,1858,2,124.8,Y
IDCJAC0001,86071,1858,3,27.7,Y
IDCJAC0001,86071,1858,4,15.5,Y
IDCJAC0001,86071,1858,5,35.3,Y
IDCJAC0001,86071,1858,6,8,Y
IDCJAC0001,86071,1858,7,63.2,Y
IDCJAC0001,86071,1858,8,36.6,Y
IDCJAC0001,86071,1858,9,61.4,Y
IDCJAC0001,86071,1858,10,22.3,Y
IDCJAC0001,86071,1858,11,75.4,Y
IDCJAC0001,86071,1858,12,169.9,Y
IDCJAC0001,86071,1859,1,72.7,Y
IDCJAC0001,86071,1859,2,20.9,Y
IDCJAC0001,86071,1859,3,4.7,Y
IDCJAC0001,86071,1859,4,32.9,Y
IDCJAC0001,86071,1859,5,59.4,Y
IDCJAC0001,86071,1859,6,114.5,Y
IDCJAC0001,86071,1859,7,27.3,Y
IDCJAC0001,86071,1859,8,22.5,Y
IDCJAC0001,86071,1859,9,72.3,Y
IDCJAC0001,86071,1859,10,49.2,Y
IDCJAC0001,86071,1859,11,53.6,Y
IDCJAC0001,86071,1859,12,26.3,Y
IDCJAC0001,86071,1860,1,50.3,Y
IDCJAC0001,86071,1860,2,2.6,Y
IDCJAC0001,86071,1860,3,49.3,Y
IDCJAC0001,86071,1860,4,115.2,Y
IDCJAC0001,86071,1860,5,28.2,Y
IDCJAC0001,86071,1860,6,31.6,Y
IDCJAC0001,86071,1860,7,40.2,Y
IDCJAC0001,86071,1860,8,20.1,Y
IDCJAC0001,86071,1860,9,49.1,Y
IDCJAC0001,86071,1860,10,70.5,Y
IDCJAC0001,86071,1860,11,55.5,Y
IDCJAC0001,86071,1860,12,133.6,Y
IDCJAC0001,86071,1861,1,59,Y
IDCJAC0001,86071,1861,2,115.8,Y
IDCJAC0001,86071,1861,3,67.4,Y
IDCJAC0001,86071,1861,4,32.9,Y
IDCJAC0001,86071,1861,5,21.6,Y
IDCJAC0001,86071,1861,6,40.2,Y
IDCJAC0001,86071,1861,7,55.8,Y
IDCJAC0001,86071,1861,8,40.9,Y
IDCJAC0001,86071,1861,9,71.8,Y
IDCJAC0001,86071,1861,10,128.6,Y
IDCJAC0001,86071,1861,11,41.6,Y
IDCJAC0001,86071,1861,12,66.2,Y
IDCJAC0001,86071,1862,1,31.8,Y
IDCJAC0001,86071,1862,2,4.9,Y
IDCJAC0001,86071,1862,3,26.4,Y
IDCJAC0001,86071,1862,4,91.2,Y
IDCJAC0001,86071,1862,5,111.7,Y
IDCJAC0001,86071,1862,6,60,Y
IDCJAC0001,86071,1862,7,67.6,Y
IDCJAC0001,86071,1862,8,54.1,Y
IDCJAC0001,86071,1862,9,21,Y
IDCJAC0001,86071,1862,10,53,Y
IDCJAC0001,86071,1862,11,10.8,Y
IDCJAC0001,86071,1862,12,29.5,Y
IDCJAC0001,86071,1863,1,46.8,Y
IDCJAC0001,86071,1863,2,69.8,Y
IDCJAC0001,86071,1863,3,96.9,Y
IDCJAC0001,86071,1863,4,45.4,Y
IDCJAC0001,86071,1863,5,64.5,Y
IDCJAC0001,86071,1863,6,27.9,Y
IDCJAC0001,86071,1863,7,33.7,Y
IDCJAC0001,86071,1863,8,87.4,Y
IDCJAC0001,86071,1863,9,57.8,Y
IDCJAC0001,86071,1863,10,111.7,Y
IDCJAC0001,86071,1863,11,102,Y
IDCJAC0001,86071,1863,12,182.5,Y
IDCJAC0001,86071,1864,1,52.5,Y
IDCJAC0001,86071,1864,2,66.1,Y
IDCJAC0001,86071,1864,3,46.7,Y
IDCJAC0001,86071,1864,4,115.1,Y
IDCJAC0001,86071,1864,5,25.9,Y
IDCJAC0001,86071,1864,6,20.8,Y
IDCJAC0001,86071,1864,7,72.1,Y
IDCJAC0001,86071,1864,8,62.2,Y
IDCJAC0001,86071,1864,9,59,Y
IDCJAC0001,86071,1864,10,104.4,Y
IDCJAC0001,86071,1864,11,16.4,Y
IDCJAC0001,86071,1864,12,56.3,Y
IDCJAC0001,86071,1865,1,4.1,Y
IDCJAC0001,86071,1865,2,15.1,Y
IDCJAC0001,86071,1865,3,32,Y
IDCJAC0001,86071,1865,4,17.5,Y
IDCJAC0001,86071,1865,5,87.4,Y
IDCJAC0001,86071,1865,6,41.8,Y
IDCJAC0001,86071,1865,7,52.3,Y
IDCJAC0001,86071,1865,8,30.9,Y
IDCJAC0001,86071,1865,9,47.7,Y
IDCJAC0001,86071,1865,10,19.3,Y
IDCJAC0001,86071,1865,11,22.7,Y
IDCJAC0001,86071,1865,12,34.4,Y
IDCJAC0001,86071,1866,1,36.4,Y
IDCJAC0001,86071,1866,2,9.1,Y
IDCJAC0001,86071,1866,3,54.5,Y
IDCJAC0001,86071,1866,4,14.6,Y
IDCJAC0001,86071,1866,5,74.2,Y
IDCJAC0001,86071,1866,6,41.7,Y
IDCJAC0001,86071,1866,7,51.8,Y
IDCJAC0001,86071,1866,8,57.4,Y
IDCJAC0001,86071,1866,9,52.8,Y
IDCJAC0001,86071,1866,10,82.9,Y
IDCJAC0001,86071,1866,11,55.2,Y
IDCJAC0001,86071,1866,12,39.8,Y
IDCJAC0001,86071,1867,1,49,Y
IDCJAC0001,86071,1867,2,68.1,Y
IDCJAC0001,86071,1867,3,19,Y
IDCJAC0001,86071,1867,4,60,Y
IDCJAC0001,86071,1867,5,62,Y
IDCJAC0001,86071,1867,6,27.5,Y
IDCJAC0001,86071,1867,7,42.2,Y
IDCJAC0001,86071,1867,8,48.9,Y
IDCJAC0001,86071,1867,9,86.3,Y
IDCJAC0001,86071,1867,10,86.2,Y
IDCJAC0001,86071,1867,11,22.1,Y
IDCJAC0001,86071,1867,12,85,Y
IDCJAC0001,86071,1868,1,53.7,Y
IDCJAC0001,86071,1868,2,25.2,Y
IDCJAC0001,86071,1868,3,26,Y
IDCJAC0001,86071,1868,4,33.5,Y
IDCJAC0001,86071,1868,5,40.9,Y
IDCJAC0001,86071,1868,6,30,Y
IDCJAC0001,86071,1868,7,38.2,Y
IDCJAC0001,86071,1868,8,25.6,Y
IDCJAC0001,86071,1868,9,52.5,Y
IDCJAC0001,86071,1868,10,28.2,Y
IDCJAC0001,86071,1868,11,81.1,Y
IDCJAC0001,86071,1868,12,30,Y
IDCJAC0001,86071,1869,1,37.2,Y
IDCJAC0001,86071,1869,2,22.9,Y
IDCJAC0001,86071,1869,3,38.8,Y
IDCJAC0001,86071,1869,4,32.8,Y
IDCJAC0001,86071,1869,5,50.3,Y
IDCJAC0001,86071,1869,6,60.8,Y
IDCJAC0001,86071,1869,7,29,Y
IDCJAC0001,86071,1869,8,41.9,Y
IDCJAC0001,86071,1869,9,40.5,Y
IDCJAC0001,86071,1869,10,193.3,Y
IDCJAC0001,86071,1869,11,53.9,Y
IDCJAC0001,86071,1869,12,25,Y
IDCJAC0001,86071,1870,1,80.1,Y
IDCJAC0001,86071,1870,2,0.8,Y
IDCJAC0001,86071,1870,3,8.7,Y
IDCJAC0001,86071,1870,4,122.1,Y
IDCJAC0001,86071,1870,5,65,Y
IDCJAC0001,86071,1870,6,91.8,Y
IDCJAC0001,86071,1870,7,78.8,Y
IDCJAC0001,86071,1870,8,56.7,Y
IDCJAC0001,86071,1870,9,149.3,Y
IDCJAC0001,86071,1870,10,111.5,Y
IDCJAC0001,86071,1870,11,82,Y
IDCJAC0001,86071,1870,12,12.2,Y
IDCJAC0001,86071,1871,1,76.5,Y
IDCJAC0001,86071,1871,2,82.2,Y
IDCJAC0001,86071,1871,3,60.3,Y
IDCJAC0001,86071,1871,4,32.8,Y
IDCJAC0001,86071,1871,5,35.5,Y
IDCJAC0001,86071,1871,6,31.9,Y
IDCJAC0001,86071,1871,7,53,Y
IDCJAC0001,86071,1871,8,85.3,Y
IDCJAC0001,86071,1871,9,53,Y
IDCJAC0001,86071,1871,10,73.2,Y
IDCJAC0001,86071,1871,11,106.5,Y
IDCJAC0001,86071,1871,12,77.5,Y
IDCJAC0001,86071,1872,1,123.4,Y
IDCJAC0001,86071,1872,2,27.9,Y
IDCJAC0001,86071,1872,3,46.4,Y
IDCJAC0001,86071,1872,4,38.5,Y
IDCJAC0001,86071,1872,5,61.9,Y
IDCJAC0001,86071,1872,6,92,Y
IDCJAC0001,86071,1872,7,55.5,Y
IDCJAC0001,86071,1872,8,72.5,Y
IDCJAC0001,86071,1872,9,33.4,Y
IDCJAC0001,86071,1872,10,72.8,Y
IDCJAC0001,86071,1872,11,114.4,Y
IDCJAC0001,86071,1872,12,88.2,Y
IDCJAC0001,86071,1873,1,52.6,Y
IDCJAC0001,86071,1873,2,116.5,Y
IDCJAC0001,86071,1873,3,48.9,Y
IDCJAC0001,86071,1873,4,51.5,Y
IDCJAC0001,86071,1873,5,34.6,Y
IDCJAC0001,86071,1873,6,67.6,Y
IDCJAC0001,86071,1873,7,36.4,Y
IDCJAC0001,86071,1873,8,52.7,Y
IDCJAC0001,86071,1873,9,65.4,Y
IDCJAC0001,86071,1873,10,67,Y
IDCJAC0001,86071,1873,11,43.3,Y
IDCJAC0001,86071,1873,12,15.6,Y
IDCJAC0001,86071,1874,1,54.5,Y
IDCJAC0001,86071,1874,2,18.5,Y
IDCJAC0001,86071,1874,3,150.7,Y
IDCJAC0001,86071,1874,4,64.2,Y
IDCJAC0001,86071,1874,5,52.1,Y
IDCJAC0001,86071,1874,6,37.5,Y
IDCJAC0001,86071,1874,7,36,Y
IDCJAC0001,86071,1874,8,60.9,Y
IDCJAC0001,86071,1874,9,73,Y
IDCJAC0001,86071,1874,10,71.4,Y
IDCJAC0001,86071,1874,11,54.2,Y
IDCJAC0001,86071,1874,12,48.7,Y
IDCJAC0001,86071,1875,1,14.5,Y
IDCJAC0001,86071,1875,2,137.8,Y
IDCJAC0001,86071,1875,3,21.9,Y
IDCJAC0001,86071,1875,4,119,Y
IDCJAC0001,86071,1875,5,73.6,Y
IDCJAC0001,86071,1875,6,72.5,Y
IDCJAC0001,86071,1875,7,48.7,Y
IDCJAC0001,86071,1875,8,56.7,Y
IDCJAC0001,86071,1875,9,41.2,Y
IDCJAC0001,86071,1875,10,67.8,Y
IDCJAC0001,86071,1875,11,82.4,Y
IDCJAC0001,86071,1875,12,99.5,Y
IDCJAC0001,86071,1876,1,35.6,Y
IDCJAC0001,86071,1876,2,13.5,Y
IDCJAC0001,86071,1876,3,56.4,Y
IDCJAC0001,86071,1876,4,72.2,Y
IDCJAC0001,86071,1876,5,58.3,Y
IDCJAC0001,86071,1876,6,30.9,Y
IDCJAC0001,86071,1876,7,26.6,Y
IDCJAC0001,86071,1876,8,47.3,Y
IDCJAC0001,86071,1876,9,39.2,Y
IDCJAC0001,86071,1876,10,69.5,Y
IDCJAC0001,86071,1876,11,127.5,Y
IDCJAC0001,86071,1876,12,35.8,Y
IDCJAC0001,86071,1877,1,7.1,Y
IDCJAC0001,86071,1877,2,44.6,Y
IDCJAC0001,86071,1877,3,114.8,Y
IDCJAC0001,86071,1877,4,114.5,Y
IDCJAC0001,86071,1877,5,88.1,Y
IDCJAC0001,86071,1877,6,18.7,Y
IDCJAC0001,86071,1877,7,36,Y
IDCJAC0001,86071,1877,8,27.7,Y
IDCJAC0001,86071,1877,9,64.4,Y
IDCJAC0001,86071,1877,10,34.4,Y
IDCJAC0001,86071,1877,11,21.8,Y
IDCJAC0001,86071,1877,12,41.3,Y
IDCJAC0001,86071,1878,1,1,Y
IDCJAC0001,86071,1878,2,110.2,Y
IDCJAC0001,86071,1878,3,128.3,Y
IDCJAC0001,86071,1878,4,95.2,Y
IDCJAC0001,86071,1878,5,18.6,Y
IDCJAC0001,86071,1878,6,72.7,Y
IDCJAC0001,86071,1878,7,28.4,Y
IDCJAC0001,86071,1878,8,65.9,Y
IDCJAC0001,86071,1878,9,56.2,Y
IDCJAC0001,86071,1878,10,36.4,Y
IDCJAC0001,86071,1878,11,25.9,Y
IDCJAC0001,86071,1878,12,6.2,Y
IDCJAC0001,86071,1879,1,28.2,Y
IDCJAC0001,86071,1879,2,21.5,Y
IDCJAC0001,86071,1879,3,11.1,Y
IDCJAC0001,86071,1879,4,35.7,Y
IDCJAC0001,86071,1879,5,58.5,Y
IDCJAC0001,86071,1879,6,29.2,Y
IDCJAC0001,86071,1879,7,32.6,Y
IDCJAC0001,86071,1879,8,37.5,Y
IDCJAC0001,86071,1879,9,46.4,Y
IDCJAC0001,86071,1879,10,82.3,Y
IDCJAC0001,86071,1879,11,63.1,Y
IDCJAC0001,86071,1879,12,42.4,Y
IDCJAC0001,86071,1880,1,31.1,Y
IDCJAC0001,86071,1880,2,49.6,Y
IDCJAC0001,86071,1880,3,96.8,Y
IDCJAC0001,86071,1880,4,80.7,Y
IDCJAC0001,86071,1880,5,69.7,Y
IDCJAC0001,86071,1880,6,59,Y
IDCJAC0001,86071,1880,7,28.7,Y
IDCJAC0001,86071,1880,8,51.8,Y
IDCJAC0001,86071,1880,9,140,Y
IDCJAC0001,86071,1880,10,56,Y
IDCJAC0001,86071,1880,11,32.3,Y
IDCJAC0001,86071,1880,12,28.8,Y
IDCJAC0001,86071,1881,1,19.1,Y
IDCJAC0001,86071,1881,2,7.4,Y
IDCJAC0001,86071,1881,3,62,Y
IDCJAC0001,86071,1881,4,30.6,Y
IDCJAC0001,86071,1881,5,42.6,Y
IDCJAC0001,86071,1881,6,57.2,Y
IDCJAC0001,86071,1881,7,17.5,Y
IDCJAC0001,86071,1881,8,75.8,Y
IDCJAC0001,86071,1881,9,15.9,Y
IDCJAC0001,86071,1881,10,77.7,Y
IDCJAC0001,86071,1881,11,128.3,Y
IDCJAC0001,86071,1881,12,79.5,Y
IDCJAC0001,86071,1882,1,7.4,Y
IDCJAC0001,86071,1882,2,7.4,Y
IDCJAC0001,86071,1882,3,23.8,Y
IDCJAC0001,86071,1882,4,57.6,Y
IDCJAC0001,86071,1882,5,64.5,Y
IDCJAC0001,86071,1882,6,36.4,Y
IDCJAC0001,86071,1882,7,56.7,Y
IDCJAC0001,86071,1882,8,49.9,Y
IDCJAC0001,86071,1882,9,37.7,Y
IDCJAC0001,86071,1882,10,46.7,Y
IDCJAC0001,86071,1882,11,102,Y
IDCJAC0001,86071,1882,12,79.2,Y
IDCJAC0001,86071,1883,1,11.1,Y
IDCJAC0001,86071,1883,2,39.7,Y
IDCJAC0001,86071,1883,3,105.7,Y
IDCJAC0001,86071,1883,4,24.1,Y
IDCJAC0001,86071,1883,5,50.7,Y
IDCJAC0001,86071,1883,6,50,Y
IDCJAC0001,86071,1883,7,64.8,Y
IDCJAC0001,86071,1883,8,22.1,Y
IDCJAC0001,86071,1883,9,41.8,Y
IDCJAC0001,86071,1883,10,71.1,Y
IDCJAC0001,86071,1883,11,81.9,Y
IDCJAC0001,86071,1883,12,40.7,Y
IDCJAC0001,86071,1884,1,120.7,Y
IDCJAC0001,86071,1884,2,49.7,Y
IDCJAC0001,86071,1884,3,79,Y
IDCJAC0001,86071,1884,4,19.1,Y
IDCJAC0001,86071,1884,5,54.7,Y
IDCJAC0001,86071,1884,6,21.4,Y
IDCJAC0001,86071,1884,7,20,Y
IDCJAC0001,86071,1884,8,41.8,Y
IDCJAC0001,86071,1884,9,16.2,Y
IDCJAC0001,86071,1884,10,78.5,Y
IDCJAC0001,86071,1884,11,79,Y
IDCJAC0001,86071,1884,12,77.6,Y
IDCJAC0001,86071,1885,1,19.2,Y
IDCJAC0001,86071,1885,2,69.5,Y
IDCJAC0001,86071,1885,3,60.9,Y
IDCJAC0001,86071,1885,4,64,Y
IDCJAC0001,86071,1885,5,31.5,Y
IDCJAC0001,86071,1885,6,92.3,Y
IDCJAC0001,86071,1885,7,29,Y
IDCJAC0001,86071,1885,8,39.7,Y
IDCJAC0001,86071,1885,9,98.5,Y
IDCJAC0001,86071,1885,10,47.6,Y
IDCJAC0001,86071,1885,11,94.3,Y
IDCJAC0001,86071,1885,12,38.8,Y
IDCJAC0001,86071,1886,1,111.5,Y
IDCJAC0001,86071,1886,2,43.1,Y
IDCJAC0001,86071,1886,3,43.6,Y
IDCJAC0001,86071,1886,4,24.1,Y
IDCJAC0001,86071,1886,5,20.6,Y
IDCJAC0001,86071,1886,6,20.9,Y
IDCJAC0001,86071,1886,7,21.6,Y
IDCJAC0001,86071,1886,8,62.7,Y
IDCJAC0001,86071,1886,9,33.1,Y
IDCJAC0001,86071,1886,10,72.1,Y
IDCJAC0001,86071,1886,11,67.8,Y
IDCJAC0001,86071,1886,12,89.8,Y
IDCJAC0001,86071,1887,1,28.3,Y
IDCJAC0001,86071,1887,2,67.2,Y
IDCJAC0001,86071,1887,3,20.7,Y
IDCJAC0001,86071,1887,4,123.5,Y
IDCJAC0001,86071,1887,5,50.5,Y
IDCJAC0001,86071,1887,6,77.4,Y
IDCJAC0001,86071,1887,7,66.4,Y
IDCJAC0001,86071,1887,8,26.3,Y
IDCJAC0001,86071,1887,9,68.8,Y
IDCJAC0001,86071,1887,10,72,Y
IDCJAC0001,86071,1887,11,84.2,Y
IDCJAC0001,86071,1887,12,139.1,Y
IDCJAC0001,86071,1888,1,65.7,Y
IDCJAC0001,86071,1888,2,10.8,Y
IDCJAC0001,86071,1888,3,54.8,Y
IDCJAC0001,86071,1888,4,21.2,Y
IDCJAC0001,86071,1888,5,95.7,Y
IDCJAC0001,86071,1888,6,30.4,Y
IDCJAC0001,86071,1888,7,38.5,Y
IDCJAC0001,86071,1888,8,23.3,Y
IDCJAC0001,86071,1888,9,34.5,Y
IDCJAC0001,86071,1888,10,34.5,Y
IDCJAC0001,86071,1888,11,15.9,Y
IDCJAC0001,86071,1888,12,43.2,Y
IDCJAC0001,86071,1889,1,133.5,Y
IDCJAC0001,86071,1889,2,38.2,Y
IDCJAC0001,86071,1889,3,6.1,Y
IDCJAC0001,86071,1889,4,91.6,Y
IDCJAC0001,86071,1889,5,23.8,Y
IDCJAC0001,86071,1889,6,70.3,Y
IDCJAC0001,86071,1889,7,38.8,Y
IDCJAC0001,86071,1889,8,54.2,Y
IDCJAC0001,86071,1889,9,39.4,Y
IDCJAC0001,86071,1889,10,73.8,Y
IDCJAC0001,86071,1889,11,108.1,Y
IDCJAC0001,86071,1889,12,39.3,Y
IDCJAC0001,86071,1890,1,34.9,Y
IDCJAC0001,86071,1890,2,14.3,Y
IDCJAC0001,86071,1890,3,37.9,Y
IDCJAC0001,86071,1890,4,49.6,Y
IDCJAC0001,86071,1890,5,59.8,Y
IDCJAC0001,86071,1890,6,43.7,Y
IDCJAC0001,86071,1890,7,68,Y
IDCJAC0001,86071,1890,8,38.1,Y
IDCJAC0001,86071,1890,9,53.1,Y
IDCJAC0001,86071,1890,10,58.2,Y
IDCJAC0001,86071,1890,11,123.5,Y
IDCJAC0001,86071,1890,12,36,Y
IDCJAC0001,86071,1891,1,30.9,Y
IDCJAC0001,86071,1891,2,9.4,Y
IDCJAC0001,86071,1891,3,32,Y
IDCJAC0001,86071,1891,4,61.3,Y
IDCJAC0001,86071,1891,5,56.9,Y
IDCJAC0001,86071,1891,6,64.9,Y
IDCJAC0001,86071,1891,7,178.4,Y
IDCJAC0001,86071,1891,8,37.1,Y
IDCJAC0001,86071,1891,9,29,Y
IDCJAC0001,86071,1891,10,73.7,Y
IDCJAC0001,86071,1891,11,53.8,Y
IDCJAC0001,86071,1891,12,52.3,Y
IDCJAC0001,86071,1892,1,22,Y
IDCJAC0001,86071,1892,2,14.7,Y
IDCJAC0001,86071,1892,3,40.2,Y
IDCJAC0001,86071,1892,4,132.8,Y
IDCJAC0001,86071,1892,5,50.6,Y
IDCJAC0001,86071,1892,6,33.1,Y
IDCJAC0001,86071,1892,7,36.9,Y
IDCJAC0001,86071,1892,8,52.5,Y
IDCJAC0001,86071,1892,9,58.6,Y
IDCJAC0001,86071,1892,10,88,Y
IDCJAC0001,86071,1892,11,63.6,Y
IDCJAC0001,86071,1892,12,42.7,Y
IDCJAC0001,86071,1893,1,4.9,Y
IDCJAC0001,86071,1893,2,6.4,Y
IDCJAC0001,86071,1893,3,36.9,Y
IDCJAC0001,86071,1893,4,52.9,Y
IDCJAC0001,86071,1893,5,94.5,Y
IDCJAC0001,86071,1893,6,88.9,Y
IDCJAC0001,86071,1893,7,59.3,Y
IDCJAC0001,86071,1893,8,43.7,Y
IDCJAC0001,86071,1893,9,82.2,Y
IDCJAC0001,86071,1893,10,88.1,Y
IDCJAC0001,86071,1893,11,60.4,Y
IDCJAC0001,86071,1893,12,64.8,Y
IDCJAC0001,86071,1894,1,12,Y
IDCJAC0001,86071,1894,2,5.3,Y
IDCJAC0001,86071,1894,3,27,Y
IDCJAC0001,86071,1894,4,72.4,Y
IDCJAC0001,86071,1894,5,40.8,Y
IDCJAC0001,86071,1894,6,56.3,Y
IDCJAC0001,86071,1894,7,57,Y
IDCJAC0001,86071,1894,8,49.9,Y
IDCJAC0001,86071,1894,9,68.5,Y
IDCJAC0001,86071,1894,10,97,Y
IDCJAC0001,86071,1894,11,20.6,Y
IDCJAC0001,86071,1894,12,69.1,Y
IDCJAC0001,86071,1895,1,46.2,Y
IDCJAC0001,86071,1895,2,18.9,Y
IDCJAC0001,86071,1895,3,45.8,Y
IDCJAC0001,86071,1895,4,39.4,Y
IDCJAC0001,86071,1895,5,23.9,Y
IDCJAC0001,86071,1895,6,38.7,Y
IDCJAC0001,86071,1895,7,52,Y
IDCJAC0001,86071,1895,8,46.2,Y
IDCJAC0001,86071,1895,9,47.3,Y
IDCJAC0001,86071,1895,10,14.5,Y
IDCJAC0001,86071,1895,11,6.5,Y
IDCJAC0001,86071,1895,12,55.4,Y
IDCJAC0001,86071,1896,1,66.5,Y
IDCJAC0001,86071,1896,2,78.3,Y
IDCJAC0001,86071,1896,3,49.8,Y
IDCJAC0001,86071,1896,4,69,Y
IDCJAC0001,86071,1896,5,66.5,Y
IDCJAC0001,86071,1896,6,65.3,Y
IDCJAC0001,86071,1896,7,58.8,Y
IDCJAC0001,86071,1896,8,70.1,Y
IDCJAC0001,86071,1896,9,49.3,Y
IDCJAC0001,86071,1896,10,18.1,Y
IDCJAC0001,86071,1896,11,20,Y
IDCJAC0001,86071,1896,12,29.6,Y
IDCJAC0001,86071,1897,1,138.7,Y
IDCJAC0001,86071,1897,2,75.6,Y
IDCJAC0001,86071,1897,3,38,Y
IDCJAC0001,86071,1897,4,16.3,Y
IDCJAC0001,86071,1897,5,50.2,Y
IDCJAC0001,86071,1897,6,41.8,Y
IDCJAC0001,86071,1897,7,62.2,Y
IDCJAC0001,86071,1897,8,48.3,Y
IDCJAC0001,86071,1897,9,64.7,Y
IDCJAC0001,86071,1897,10,45.2,Y
IDCJAC0001,86071,1897,11,21,Y
IDCJAC0001,86071,1897,12,55.8,Y
IDCJAC0001,86071,1898,1,7.6,Y
IDCJAC0001,86071,1898,2,7.1,Y
IDCJAC0001,86071,1898,3,29.2,Y
IDCJAC0001,86071,1898,4,40.7,Y
IDCJAC0001,86071,1898,5,55.1,Y
IDCJAC0001,86071,1898,6,39.9,Y
IDCJAC0001,86071,1898,7,47.6,Y
IDCJAC0001,86071,1898,8,23.6,Y
IDCJAC0001,86071,1898,9,73.6,Y
IDCJAC0001,86071,1898,10,30.9,Y
IDCJAC0001,86071,1898,11,17.1,Y
IDCJAC0001,86071,1898,12,24.7,Y
IDCJAC0001,86071,1899,1,99.2,Y
IDCJAC0001,86071,1899,2,36.6,Y
IDCJAC0001,86071,1899,3,75.8,Y
IDCJAC0001,86071,1899,4,64,Y
IDCJAC0001,86071,1899,5,90,Y
IDCJAC0001,86071,1899,6,77.5,Y
IDCJAC0001,86071,1899,7,32.8,Y
IDCJAC0001,86071,1899,8,63.6,Y
IDCJAC0001,86071,1899,9,28.3,Y
IDCJAC0001,86071,1899,10,83.4,Y
IDCJAC0001,86071,1899,11,51.3,Y
IDCJAC0001,86071,1899,12,31.2,Y
IDCJAC0001,86071,1900,1,84,Y
IDCJAC0001,86071,1900,2,11.7,Y
IDCJAC0001,86071,1900,3,100.4,Y
IDCJAC0001,86071,1900,4,126.4,Y
IDCJAC0001,86071,1900,5,97.5,Y
IDCJAC0001,86071,1900,6,44.7,Y
IDCJAC0001,86071,1900,7,27.2,Y
IDCJAC0001,86071,1900,8,59.5,Y
IDCJAC0001,86071,1900,9,74,Y
IDCJAC0001,86071,1900,10,32.8,Y
IDCJAC0001,86071,1900,11,26.5,Y
IDCJAC0001,86071,1900,12,30.1,Y
IDCJAC0001,86071,1901,1,76.5,Y
IDCJAC0001,86071,1901,2,16.3,Y
IDCJAC0001,86071,1901,3,79.7,Y
IDCJAC0001,86071,1901,4,170.6,Y
IDCJAC0001,86071,1901,5,11.5,Y
IDCJAC0001,86071,1901,6,50.7,Y
IDCJAC0001,86071,1901,7,32.1,Y
IDCJAC0001,86071,1901,8,48,Y
IDCJAC0001,86071,1901,9,37.5,Y
IDCJAC0001,86071,1901,10,109.6,Y
IDCJAC0001,86071,1901,11,48.5,Y
IDCJAC0001,86071,1901,12,17.3,Y
IDCJAC0001,86071,1902,1,38.9,Y
IDCJAC0001,86071,1902,2,24.3,Y
IDCJAC0001,86071,1902,3,138.3,Y
IDCJAC0001,86071,1902,4,14.7,Y
IDCJAC0001,86071,1902,5,26.7,Y
IDCJAC0001,86071,1902,6,68.8,Y
IDCJAC0001,86071,1902,7,14.9,Y
IDCJAC0001,86071,1902,8,22.6,Y
IDCJAC0001,86071,1902,9,84.3,Y
IDCJAC0001,86071,1902,10,19.7,Y
IDCJAC0001,86071,1902,11,25,Y
IDCJAC0001,86071,1902,12,110.4,Y
IDCJAC0001,86071,1903,1,24,Y
IDCJAC0001,86071,1903,2,34.5,Y
IDCJAC0001,86071,1903,3,74.5,Y
IDCJAC0001,86071,1903,4,95.5,Y
IDCJAC0001,86071,1903,5,49.4,Y
IDCJAC0001,86071,1903,6,85.3,Y
IDCJAC0001,86071,1903,7,29.1,Y
IDCJAC0001,86071,1903,8,12.4,Y
IDCJAC0001,86071,1903,9,80.9,Y
IDCJAC0001,86071,1903,10,70.3,Y
IDCJAC0001,86071,1903,11,108.9,Y
IDCJAC0001,86071,1903,12,58.6,Y
IDCJAC0001,86071,1904,1,144.2,Y
IDCJAC0001,86071,1904,2,158.6,Y
IDCJAC0001,86071,1904,3,24.3,Y
IDCJAC0001,86071,1904,4,19.6,Y
IDCJAC0001,86071,1904,5,65,Y
IDCJAC0001,86071,1904,6,83.6,Y
IDCJAC0001,86071,1904,7,40.2,Y
IDCJAC0001,86071,1904,8,83.3,Y
IDCJAC0001,86071,1904,9,32.1,Y
IDCJAC0001,86071,1904,10,69,Y
IDCJAC0001,86071,1904,11,32.9,Y
IDCJAC0001,86071,1904,12,2.8,Y
IDCJAC0001,86071,1905,1,37.4,Y
IDCJAC0001,86071,1905,2,46.6,Y
IDCJAC0001,86071,1905,3,24.5,Y
IDCJAC0001,86071,1905,4,76.8,Y
IDCJAC0001,86071,1905,5,75.6,Y
IDCJAC0001,86071,1905,6,33.6,Y
IDCJAC0001,86071,1905,7,83.7,Y
IDCJAC0001,86071,1905,8,33.9,Y
IDCJAC0001,86071,1905,9,62.7,Y
IDCJAC0001,86071,1905,10,65.6,Y
IDCJAC0001,86071,1905,11,31.9,Y
IDCJAC0001,86071,1905,12,80.9,Y
IDCJAC0001,86071,1906,1,9.4,Y
IDCJAC0001,86071,1906,2,11.2,Y
IDCJAC0001,86071,1906,3,96.3,Y
IDCJAC0001,86071,1906,4,34.6,Y
IDCJAC0001,86071,1906,5,44.9,Y
IDCJAC0001,86071,1906,6,38.4,Y
IDCJAC0001,86071,1906,7,34.2,Y
IDCJAC0001,86071,1906,8,44.1,Y
IDCJAC0001,86071,1906,9,97.6,Y
IDCJAC0001,86071,1906,10,74.6,Y
IDCJAC0001,86071,1906,11,62.8,Y
IDCJAC0001,86071,1906,12,19,Y
IDCJAC0001,86071,1907,1,28.1,Y
IDCJAC0001,86071,1907,2,16.7,Y
IDCJAC0001,86071,1907,3,42.7,Y
IDCJAC0001,86071,1907,4,60.4,Y
IDCJAC0001,86071,1907,5,42.2,Y
IDCJAC0001,86071,1907,6,30.1,Y
IDCJAC0001,86071,1907,7,55.3,Y
IDCJAC0001,86071,1907,8,50.1,Y
IDCJAC0001,86071,1907,9,13.4,Y
IDCJAC0001,86071,1907,10,38.4,Y
IDCJAC0001,86071,1907,11,59.6,Y
IDCJAC0001,86071,1907,12,129.7,Y
IDCJAC0001,86071,1908,1,17.4,Y
IDCJAC0001,86071,1908,2,15.5,Y
IDCJAC0001,86071,1908,3,55.5,Y
IDCJAC0001,86071,1908,4,8.4,Y
IDCJAC0001,86071,1908,5,22.4,Y
IDCJAC0001,86071,1908,6,100.3,Y
IDCJAC0001,86071,1908,7,42.2,Y
IDCJAC0001,86071,1908,8,32.2,Y
IDCJAC0001,86071,1908,9,61.5,Y
IDCJAC0001,86071,1908,10,56.4,Y
IDCJAC0001,86071,1908,11,23.7,Y
IDCJAC0001,86071,1908,12,16.1,Y
IDCJAC0001,86071,1909,1,82.2,Y
IDCJAC0001,86071,1909,2,37.3,Y
IDCJAC0001,86071,1909,3,30.3,Y
IDCJAC0001,86071,1909,4,48.9,Y
IDCJAC0001,86071,1909,5,80,Y
IDCJAC0001,86071,1909,6,83.5,Y
IDCJAC0001,86071,1909,7,30.6,Y
IDCJAC0001,86071,1909,8,91.4,Y
IDCJAC0001,86071,1909,9,47,Y
IDCJAC0001,86071,1909,10,41,Y
IDCJAC0001,86071,1909,11,15.6,Y
IDCJAC0001,86071,1909,12,70.5,Y
IDCJAC0001,86071,1910,1,24.9,Y
IDCJAC0001,86071,1910,2,9.8,Y
IDCJAC0001,86071,1910,3,55.6,Y
IDCJAC0001,86071,1910,4,23.8,Y
IDCJAC0001,86071,1910,5,62.9,Y
IDCJAC0001,86071,1910,6,34.1,Y
IDCJAC0001,86071,1910,7,63.1,Y
IDCJAC0001,86071,1910,8,22.8,Y
IDCJAC0001,86071,1910,9,106.6,Y
IDCJAC0001,86071,1910,10,71.4,Y
IDCJAC0001,86071,1910,11,59.2,Y
IDCJAC0001,86071,1910,12,92.6,Y
IDCJAC0001,86071,1911,1,32.7,Y
IDCJAC0001,86071,1911,2,135.9,Y
IDCJAC0001,86071,1911,3,190.7,Y
IDCJAC0001,86071,1911,4,28.5,Y
IDCJAC0001,86071,1911,5,85.1,Y
IDCJAC0001,86071,1911,6,94.7,Y
IDCJAC0001,86071,1911,7,57.8,Y
IDCJAC0001,86071,1911,8,34.8,Y
IDCJAC0001,86071,1911,9,77.7,Y
IDCJAC0001,86071,1911,10,64.5,Y
IDCJAC0001,86071,1911,11,35,Y
IDCJAC0001,86071,1911,12,93.3,Y
IDCJAC0001,86071,1912,1,12,Y
IDCJAC0001,86071,1912,2,23.9,Y
IDCJAC0001,86071,1912,3,18.9,Y
IDCJAC0001,86071,1912,4,59.2,Y
IDCJAC0001,86071,1912,5,34.3,Y
IDCJAC0001,86071,1912,6,32.6,Y
IDCJAC0001,86071,1912,7,51.3,Y
IDCJAC0001,86071,1912,8,42.3,Y
IDCJAC0001,86071,1912,9,59.8,Y
IDCJAC0001,86071,1912,10,33.5,Y
IDCJAC0001,86071,1912,11,60.4,Y
IDCJAC0001,86071,1912,12,90.3,Y
IDCJAC0001,86071,1913,1,9.4,Y
IDCJAC0001,86071,1913,2,30.2,Y
IDCJAC0001,86071,1913,3,131.1,Y
IDCJAC0001,86071,1913,4,34.5,Y
IDCJAC0001,86071,1913,5,79.2,Y
IDCJAC0001,86071,1913,6,36.4,Y
IDCJAC0001,86071,1913,7,18,Y
IDCJAC0001,86071,1913,8,47.3,Y
IDCJAC0001,86071,1913,9,35.2,Y
IDCJAC0001,86071,1913,10,37.5,Y
IDCJAC0001,86071,1913,11,43.2,Y
IDCJAC0001,86071,1913,12,37.7,Y
IDCJAC0001,86071,1914,1,36.9,Y
IDCJAC0001,86071,1914,2,3.9,Y
IDCJAC0001,86071,1914,3,43,Y
IDCJAC0001,86071,1914,4,43.9,Y
IDCJAC0001,86071,1914,5,64.8,Y
IDCJAC0001,86071,1914,6,39.9,Y
IDCJAC0001,86071,1914,7,46.7,Y
IDCJAC0001,86071,1914,8,17,Y
IDCJAC0001,86071,1914,9,27.7,Y
IDCJAC0001,86071,1914,10,7.5,Y
IDCJAC0001,86071,1914,11,60.1,Y
IDCJAC0001,86071,1914,12,81.7,Y
IDCJAC0001,86071,1915,1,41,Y
IDCJAC0001,86071,1915,2,19.9,Y
IDCJAC0001,86071,1915,3,6.4,Y
IDCJAC0001,86071,1915,4,58.6,Y
IDCJAC0001,86071,1915,5,100.9,Y
IDCJAC0001,86071,1915,6,53.1,Y
IDCJAC0001,86071,1915,7,43.9,Y
IDCJAC0001,86071,1915,8,54.4,Y
IDCJAC0001,86071,1915,9,55.9,Y
IDCJAC0001,86071,1915,10,72.1,Y
IDCJAC0001,86071,1915,11,13.1,Y
IDCJAC0001,86071,1915,12,13.9,Y
IDCJAC0001,86071,1916,1,112.3,Y
IDCJAC0001,86071,1916,2,51.2,Y
IDCJAC0001,86071,1916,3,27.2,Y
IDCJAC0001,86071,1916,4,52.5,Y
IDCJAC0001,86071,1916,5,24.8,Y
IDCJAC0001,86071,1916,6,41.3,Y
IDCJAC0001,86071,1916,7,39.2,Y
IDCJAC0001,86071,1916,8,57,Y
IDCJAC0001,86071,1916,9,201.6,Y
IDCJAC0001,86071,1916,10,78.5,Y
IDCJAC0001,86071,1916,11,170.5,Y
IDCJAC0001,86071,1916,12,111.4,Y
IDCJAC0001,86071,1917,1,44.6,Y
IDCJAC0001,86071,1917,2,49,Y
IDCJAC0001,86071,1917,3,35.9,Y
IDCJAC0001,86071,1917,4,47.1,Y
IDCJAC0001,86071,1917,5,56,Y
IDCJAC0001,86071,1917,6,92.4,Y
IDCJAC0001,86071,1917,7,36,Y
IDCJAC0001,86071,1917,8,57.2,Y
IDCJAC0001,86071,1917,9,86.9,Y
IDCJAC0001,86071,1917,10,92.7,Y
IDCJAC0001,86071,1917,11,106.4,Y
IDCJAC0001,86071,1917,12,73.5,Y
IDCJAC0001,86071,1918,1,62.1,Y
IDCJAC0001,86071,1918,2,27.5,Y
IDCJAC0001,86071,1918,3,113.4,Y
IDCJAC0001,86071,1918,4,41.1,Y
IDCJAC0001,86071,1918,5,79.1,Y
IDCJAC0001,86071,1918,6,44.7,Y
IDCJAC0001,86071,1918,7,44.4,Y
IDCJAC0001,86071,1918,8,69.6,Y
IDCJAC0001,86071,1918,9,87.6,Y
IDCJAC0001,86071,1918,10,59.9,Y
IDCJAC0001,86071,1918,11,13.3,Y
IDCJAC0001,86071,1918,12,48.2,Y
IDCJAC0001,86071,1919,1,17,Y
IDCJAC0001,86071,1919,2,92.8,Y
IDCJAC0001,86071,1919,3,164.8,Y
IDCJAC0001,86071,1919,4,18.7,Y
IDCJAC0001,86071,1919,5,42.4,Y
IDCJAC0001,86071,1919,6,32.1,Y
IDCJAC0001,86071,1919,7,59.6,Y
IDCJAC0001,86071,1919,8,14.7,Y
IDCJAC0001,86071,1919,9,26.8,Y
IDCJAC0001,86071,1919,10,41.7,Y
IDCJAC0001,86071,1919,11,29.5,Y
IDCJAC0001,86071,1919,12,93.7,Y
IDCJAC0001,86071,1920,1,38.6,Y
IDCJAC0001,86071,1920,2,15.3,Y
IDCJAC0001,86071,1920,3,27.5,Y
IDCJAC0001,86071,1920,4,65.8,Y
IDCJAC0001,86071,1920,5,50.5,Y
IDCJAC0001,86071,1920,6,78.8,Y
IDCJAC0001,86071,1920,7,39.1,Y
IDCJAC0001,86071,1920,8,80.8,Y
IDCJAC0001,86071,1920,9,122.2,Y
IDCJAC0001,86071,1920,10,94.6,Y
IDCJAC0001,86071,1920,11,81.7,Y
IDCJAC0001,86071,1920,12,25.2,Y
IDCJAC0001,86071,1921,1,114.2,Y
IDCJAC0001,86071,1921,2,38.1,Y
IDCJAC0001,86071,1921,3,25.8,Y
IDCJAC0001,86071,1921,4,15.3,Y
IDCJAC0001,86071,1921,5,69.7,Y
IDCJAC0001,86071,1921,6,39.9,Y
IDCJAC0001,86071,1921,7,61.2,Y
IDCJAC0001,86071,1921,8,77.7,Y
IDCJAC0001,86071,1921,9,92.4,Y
IDCJAC0001,86071,1921,10,93,Y
IDCJAC0001,86071,1921,11,66.5,Y
IDCJAC0001,86071,1921,12,63.5,Y
IDCJAC0001,86071,1922,1,30.1,Y
IDCJAC0001,86071,1922,2,92.2,Y
IDCJAC0001,86071,1922,3,11.1,Y
IDCJAC0001,86071,1922,4,35.4,Y
IDCJAC0001,86071,1922,5,68.5,Y
IDCJAC0001,86071,1922,6,46.2,Y
IDCJAC0001,86071,1922,7,67.9,Y
IDCJAC0001,86071,1922,8,63.1,Y
IDCJAC0001,86071,1922,9,64.4,Y
IDCJAC0001,86071,1922,10,80.1,Y
IDCJAC0001,86071,1922,11,26.6,Y
IDCJAC0001,86071,1922,12,51.4,Y
IDCJAC0001,86071,1923,1,25.2,Y
IDCJAC0001,86071,1923,2,15.5,Y
IDCJAC0001,86071,1923,3,8.4,Y
IDCJAC0001,86071,1923,4,0,Y
IDCJAC0001,86071,1923,5,50,Y
IDCJAC0001,86071,1923,6,58,Y
IDCJAC0001,86071,1923,7,72.2,Y
IDCJAC0001,86071,1923,8,44.8,Y
IDCJAC0001,86071,1923,9,58.6,Y
IDCJAC0001,86071,1923,10,93,Y
IDCJAC0001,86071,1923,11,70.8,Y
IDCJAC0001,86071,1923,12,79.4,Y
IDCJAC0001,86071,1924,1,72.9,Y
IDCJAC0001,86071,1924,2,96.2,Y
IDCJAC0001,86071,1924,3,146.7,Y
IDCJAC0001,86071,1924,4,93,Y
IDCJAC0001,86071,1924,5,21.3,Y
IDCJAC0001,86071,1924,6,30.3,Y
IDCJAC0001,86071,1924,7,22.1,Y
IDCJAC0001,86071,1924,8,103,Y
IDCJAC0001,86071,1924,9,58,Y
IDCJAC0001,86071,1924,10,99.9,Y
IDCJAC0001,86071,1924,11,108.8,Y
IDCJAC0001,86071,1924,12,75.6,Y
IDCJAC0001,86071,1925,1,80.8,Y
IDCJAC0001,86071,1925,2,28.8,Y
IDCJAC0001,86071,1925,3,15.8,Y
IDCJAC0001,86071,1925,4,37.8,Y
IDCJAC0001,86071,1925,5,37.5,Y
IDCJAC0001,86071,1925,6,24,Y
IDCJAC0001,86071,1925,7,58.6,Y
IDCJAC0001,86071,1925,8,34.7,Y
IDCJAC0001,86071,1925,9,41.1,Y
IDCJAC0001,86071,1925,10,28,Y
IDCJAC0001,86071,1925,11,51.2,Y
IDCJAC0001,86071,1925,12,9.4,Y
IDCJAC0001,86071,1926,1,88.8,Y
IDCJAC0001,86071,1926,2,1.3,Y
IDCJAC0001,86071,1926,3,34.8,Y
IDCJAC0001,86071,1926,4,50,Y
IDCJAC0001,86071,1926,5,61.9,Y
IDCJAC0001,86071,1926,6,72,Y
IDCJAC0001,86071,1926,7,37,Y
IDCJAC0001,86071,1926,8,39.5,Y
IDCJAC0001,86071,1926,9,29.3,Y
IDCJAC0001,86071,1926,10,47.1,Y
IDCJAC0001,86071,1926,11,28,Y
IDCJAC0001,86071,1926,12,32.1,Y
IDCJAC0001,86071,1927,1,15.3,Y
IDCJAC0001,86071,1927,2,19,Y
IDCJAC0001,86071,1927,3,34.1,Y
IDCJAC0001,86071,1927,4,14.5,Y
IDCJAC0001,86071,1927,5,48.9,Y
IDCJAC0001,86071,1927,6,34.5,Y
IDCJAC0001,86071,1927,7,72.2,Y
IDCJAC0001,86071,1927,8,49.3,Y
IDCJAC0001,86071,1927,9,44.2,Y
IDCJAC0001,86071,1927,10,62.3,Y
IDCJAC0001,86071,1927,11,30.4,Y
IDCJAC0001,86071,1927,12,33.6,Y
IDCJAC0001,86071,1928,1,102.8,Y
IDCJAC0001,86071,1928,2,116.1,Y
IDCJAC0001,86071,1928,3,106.4,Y
IDCJAC0001,86071,1928,4,22.3,Y
IDCJAC0001,86071,1928,5,56.8,Y
IDCJAC0001,86071,1928,6,37.1,Y
IDCJAC0001,86071,1928,7,16.6,Y
IDCJAC0001,86071,1928,8,21.1,Y
IDCJAC0001,86071,1928,9,28.7,Y
IDCJAC0001,86071,1928,10,55.4,Y
IDCJAC0001,86071,1928,11,30.6,Y
IDCJAC0001,86071,1928,12,19.8,Y
IDCJAC0001,86071,1929,1,34.8,Y
IDCJAC0001,86071,1929,2,79.6,Y
IDCJAC0001,86071,1929,3,99.7,Y
IDCJAC0001,86071,1929,4,99.3,Y
IDCJAC0001,86071,1929,5,47.3,Y
IDCJAC0001,86071,1929,6,28.6,Y
IDCJAC0001,86071,1929,7,40.9,Y
IDCJAC0001,86071,1929,8,51,Y
IDCJAC0001,86071,1929,9,42.4,Y
IDCJAC0001,86071,1929,10,71.6,Y
IDCJAC0001,86071,1929,11,74.5,Y
IDCJAC0001,86071,1929,12,63.6,Y
IDCJAC0001,86071,1930,1,3.6,Y
IDCJAC0001,86071,1930,2,68.8,Y
IDCJAC0001,86071,1930,3,11.8,Y
IDCJAC0001,86071,1930,4,44.7,Y
IDCJAC0001,86071,1930,5,82.8,Y
IDCJAC0001,86071,1930,6,48,Y
IDCJAC0001,86071,1930,7,37.9,Y
IDCJAC0001,86071,1930,8,75.1,Y
IDCJAC0001,86071,1930,9,32.3,Y
IDCJAC0001,86071,1930,10,53.9,Y
IDCJAC0001,86071,1930,11,59.8,Y
IDCJAC0001,86071,1930,12,128.6,Y
IDCJAC0001,86071,1931,1,31.9,Y
IDCJAC0001,86071,1931,2,30.5,Y
IDCJAC0001,86071,1931,3,139.7,Y
IDCJAC0001,86071,1931,4,71.6,Y
IDCJAC0001,86071,1931,5,68,Y
IDCJAC0001,86071,1931,6,97.9,Y
IDCJAC0001,86071,1931,7,53,Y
IDCJAC0001,86071,1931,8,47.8,Y
IDCJAC0001,86071,1931,9,51.5,Y
IDCJAC0001,86071,1931,10,21.3,Y
IDCJAC0001,86071,1931,11,100,Y
IDCJAC0001,86071,1931,12,15.3,Y
IDCJAC0001,86071,1932,1,0.3,Y
IDCJAC0001,86071,1932,2,67.2,Y
IDCJAC0001,86071,1932,3,107.7,Y
IDCJAC0001,86071,1932,4,137.9,Y
IDCJAC0001,86071,1932,5,15.3,Y
IDCJAC0001,86071,1932,6,53.5,Y
IDCJAC0001,86071,1932,7,48.2,Y
IDCJAC0001,86071,1932,8,82.9,Y
IDCJAC0001,86071,1932,9,20.8,Y
IDCJAC0001,86071,1932,10,130.7,Y
IDCJAC0001,86071,1932,11,16.6,Y
IDCJAC0001,86071,1932,12,110.2,Y
IDCJAC0001,86071,1933,1,44.4,Y
IDCJAC0001,86071,1933,2,5.9,Y
IDCJAC0001,86071,1933,3,37.8,Y
IDCJAC0001,86071,1933,4,14.1,Y
IDCJAC0001,86071,1933,5,37.8,Y
IDCJAC0001,86071,1933,6,37.9,Y
IDCJAC0001,86071,1933,7,83.7,Y
IDCJAC0001,86071,1933,8,52.4,Y
IDCJAC0001,86071,1933,9,30.5,Y
IDCJAC0001,86071,1933,10,39.7,Y
IDCJAC0001,86071,1933,11,62.4,Y
IDCJAC0001,86071,1933,12,120.3,Y
IDCJAC0001,86071,1934,1,91.3,Y
IDCJAC0001,86071,1934,2,27.9,Y
IDCJAC0001,86071,1934,3,3.7,Y
IDCJAC0001,86071,1934,4,144.5,Y
IDCJAC0001,86071,1934,5,3.8,Y
IDCJAC0001,86071,1934,6,44.1,Y
IDCJAC0001,86071,1934,7,41.9,Y
IDCJAC0001,86071,1934,8,50.2,Y
IDCJAC0001,86071,1934,9,41,Y
IDCJAC0001,86071,1934,10,156.6,Y
IDCJAC0001,86071,1934,11,133.2,Y
IDCJAC0001,86071,1934,12,115.1,Y
IDCJAC0001,86071,1935,1,99.3,Y
IDCJAC0001,86071,1935,2,78.6,Y
IDCJAC0001,86071,1935,3,40.9,Y
IDCJAC0001,86071,1935,4,150.9,Y
IDCJAC0001,86071,1935,5,39.8,Y
IDCJAC0001,86071,1935,6,53.6,Y
IDCJAC0001,86071,1935,7,47.9,Y
IDCJAC0001,86071,1935,8,36.3,Y
IDCJAC0001,86071,1935,9,50.7,Y
IDCJAC0001,86071,1935,10,73.4,Y
IDCJAC0001,86071,1935,11,52.3,Y
IDCJAC0001,86071,1935,12,38.9,Y
IDCJAC0001,86071,1936,1,33.1,Y
IDCJAC0001,86071,1936,2,14.8,Y
IDCJAC0001,86071,1936,3,13.4,Y
IDCJAC0001,86071,1936,4,109.3,Y
IDCJAC0001,86071,1936,5,23.1,Y
IDCJAC0001,86071,1936,6,68.1,Y
IDCJAC0001,86071,1936,7,112.3,Y
IDCJAC0001,86071,1936,8,43.8,Y
IDCJAC0001,86071,1936,9,26.5,Y
IDCJAC0001,86071,1936,10,61.1,Y
IDCJAC0001,86071,1936,11,46.1,Y
IDCJAC0001,86071,1936,12,67.4,Y
IDCJAC0001,86071,1937,1,64.5,Y
IDCJAC0001,86071,1937,2,41.4,Y
IDCJAC0001,86071,1937,3,31.5,Y
IDCJAC0001,86071,1937,4,36,Y
IDCJAC0001,86071,1937,5,31.8,Y
IDCJAC0001,86071,1937,6,32.2,Y
IDCJAC0001,86071,1937,7,31.1,Y
IDCJAC0001,86071,1937,8,33.3,Y
IDCJAC0001,86071,1937,9,43.2,Y
IDCJAC0001,86071,1937,10,154.8,Y
IDCJAC0001,86071,1937,11,10.2,Y
IDCJAC0001,86071,1937,12,36.2,Y
IDCJAC0001,86071,1938,1,36.7,Y
IDCJAC0001,86071,1938,2,47.6,Y
IDCJAC0001,86071,1938,3,29.4,Y
IDCJAC0001,86071,1938,4,26.8,Y
IDCJAC0001,86071,1938,5,19.9,Y
IDCJAC0001,86071,1938,6,102.2,Y
IDCJAC0001,86071,1938,7,57.2,Y
IDCJAC0001,86071,1938,8,25.2,Y
IDCJAC0001,86071,1938,9,18.6,Y
IDCJAC0001,86071,1938,10,30.1,Y
IDCJAC0001,86071,1938,11,37.4,Y
IDCJAC0001,86071,1938,12,17.6,Y
IDCJAC0001,86071,1939,1,8,Y
IDCJAC0001,86071,1939,2,196.1,Y
IDCJAC0001,86071,1939,3,20.1,Y
IDCJAC0001,86071,1939,4,113.9,Y
IDCJAC0001,86071,1939,5,50.6,Y
IDCJAC0001,86071,1939,6,78.8,Y
IDCJAC0001,86071,1939,7,24.1,Y
IDCJAC0001,86071,1939,8,110.8,Y
IDCJAC0001,86071,1939,9,53.5,Y
IDCJAC0001,86071,1939,10,52.5,Y
IDCJAC0001,86071,1939,11,116.3,Y
IDCJAC0001,86071,1939,12,17.6,Y
IDCJAC0001,86071,1940,1,50.4,Y
IDCJAC0001,86071,1940,2,12.1,Y
IDCJAC0001,86071,1940,3,15.9,Y
IDCJAC0001,86071,1940,4,84.7,Y
IDCJAC0001,86071,1940,5,31.7,Y
IDCJAC0001,86071,1940,6,42.3,Y
IDCJAC0001,86071,1940,7,53.4,Y
IDCJAC0001,86071,1940,8,28.6,Y
IDCJAC0001,86071,1940,9,70.2,Y
IDCJAC0001,86071,1940,10,20.2,Y
IDCJAC0001,86071,1940,11,42.5,Y
IDCJAC0001,86071,1940,12,53,Y
IDCJAC0001,86071,1941,1,169.3,Y
IDCJAC0001,86071,1941,2,22.2,Y
IDCJAC0001,86071,1941,3,54.8,Y
IDCJAC0001,86071,1941,4,63,Y
IDCJAC0001,86071,1941,5,27.1,Y
IDCJAC0001,86071,1941,6,85.4,Y
IDCJAC0001,86071,1941,7,58.4,Y
IDCJAC0001,86071,1941,8,66.9,Y
IDCJAC0001,86071,1941,9,81.5,Y
IDCJAC0001,86071,1941,10,42.5,Y
IDCJAC0001,86071,1941,11,42.1,Y
IDCJAC0001,86071,1941,12,95.4,Y
IDCJAC0001,86071,1942,1,35.8,Y
IDCJAC0001,86071,1942,2,79.8,Y
IDCJAC0001,86071,1942,3,96.6,Y
IDCJAC0001,86071,1942,4,51.8,Y
IDCJAC0001,86071,1942,5,142.5,Y
IDCJAC0001,86071,1942,6,31.3,Y
IDCJAC0001,86071,1942,7,38.2,Y
IDCJAC0001,86071,1942,8,43.3,Y
IDCJAC0001,86071,1942,9,50.1,Y
IDCJAC0001,86071,1942,10,59.2,Y
IDCJAC0001,86071,1942,11,95.8,Y
IDCJAC0001,86071,1942,12,33.5,Y
IDCJAC0001,86071,1943,1,71.9,Y
IDCJAC0001,86071,1943,2,41.8,Y
IDCJAC0001,86071,1943,3,11.8,Y
IDCJAC0001,86071,1943,4,55.1,Y
IDCJAC0001,86071,1943,5,15.4,Y
IDCJAC0001,86071,1943,6,58,Y
IDCJAC0001,86071,1943,7,31.4,Y
IDCJAC0001,86071,1943,8,24.3,Y
IDCJAC0001,86071,1943,9,50.5,Y
IDCJAC0001,86071,1943,10,21.3,Y
IDCJAC0001,86071,1943,11,79.3,Y
IDCJAC0001,86071,1943,12,17.4,Y
IDCJAC0001,86071,1944,1,18.9,Y
IDCJAC0001,86071,1944,2,10.1,Y
IDCJAC0001,86071,1944,3,41.4,Y
IDCJAC0001,86071,1944,4,86.6,Y
IDCJAC0001,86071,1944,5,112.4,Y
IDCJAC0001,86071,1944,6,37.3,Y
IDCJAC0001,86071,1944,7,30.5,Y
IDCJAC0001,86071,1944,8,15.1,Y
IDCJAC0001,86071,1944,9,36.2,Y
IDCJAC0001,86071,1944,10,53.5,Y
IDCJAC0001,86071,1944,11,28.5,Y
IDCJAC0001,86071,1944,12,72.7,Y
IDCJAC0001,86071,1945,1,56.7,Y
IDCJAC0001,86071,1945,2,32.1,Y
IDCJAC0001,86071,1945,3,14.6,Y
IDCJAC0001,86071,1945,4,21.3,Y
IDCJAC0001,86071,1945,5,66.2,Y
IDCJAC0001,86071,1945,6,38,Y
IDCJAC0001,86071,1945,7,61.8,Y
IDCJAC0001,86071,1945,8,54.7,Y
IDCJAC0001,86071,1945,9,34,Y
IDCJAC0001,86071,1945,10,27.4,Y
IDCJAC0001,86071,1945,11,59.7,Y
IDCJAC0001,86071,1945,12,23.2,Y
IDCJAC0001,86071,1946,1,67.8,Y
IDCJAC0001,86071,1946,2,178.1,Y
IDCJAC0001,86071,1946,3,50.5,Y
IDCJAC0001,86071,1946,4,62.3,Y
IDCJAC0001,86071,1946,5,15.5,Y
IDCJAC0001,86071,1946,6,74.5,Y
IDCJAC0001,86071,1946,7,38.7,Y
IDCJAC0001,86071,1946,8,34.6,Y
IDCJAC0001,86071,1946,9,74.7,Y
IDCJAC0001,86071,1946,10,39.6,Y
IDCJAC0001,86071,1946,11,45.3,Y
IDCJAC0001,86071,1946,12,76.3,Y
IDCJAC0001,86071,1947,1,16.5,Y
IDCJAC0001,86071,1947,2,35.3,Y
IDCJAC0001,86071,1947,3,145.8,Y
IDCJAC0001,86071,1947,4,83.8,Y
IDCJAC0001,86071,1947,5,12,Y
IDCJAC0001,86071,1947,6,29.7,Y
IDCJAC0001,86071,1947,7,94.5,Y
IDCJAC0001,86071,1947,8,32.4,Y
IDCJAC0001,86071,1947,9,55.9,Y
IDCJAC0001,86071,1947,10,118.5,Y
IDCJAC0001,86071,1947,11,51.4,Y
IDCJAC0001,86071,1947,12,99.5,Y
IDCJAC0001,86071,1948,1,31.4,Y
IDCJAC0001,86071,1948,2,49.5,Y
IDCJAC0001,86071,1948,3,7.4,Y
IDCJAC0001,86071,1948,4,85.7,Y
IDCJAC0001,86071,1948,5,46.7,Y
IDCJAC0001,86071,1948,6,34,Y
IDCJAC0001,86071,1948,7,14.8,Y
IDCJAC0001,86071,1948,8,30.1,Y
IDCJAC0001,86071,1948,9,49.8,Y
IDCJAC0001,86071,1948,10,91,Y
IDCJAC0001,86071,1948,11,49.8,Y
IDCJAC0001,86071,1948,12,43.8,Y
IDCJAC0001,86071,1949,1,34.1,Y
IDCJAC0001,86071,1949,2,61.8,Y
IDCJAC0001,86071,1949,3,133.5,Y
IDCJAC0001,86071,1949,4,30.4,Y
IDCJAC0001,86071,1949,5,63.8,Y
IDCJAC0001,86071,1949,6,52.4,Y
IDCJAC0001,86071,1949,7,56.4,Y
IDCJAC0001,86071,1949,8,25.1,Y
IDCJAC0001,86071,1949,9,40.9,Y
IDCJAC0001,86071,1949,10,128.6,Y
IDCJAC0001,86071,1949,11,139.9,Y
IDCJAC0001,86071,1949,12,31.6,Y
IDCJAC0001,86071,1950,1,13,Y
IDCJAC0001,86071,1950,2,107.3,Y
IDCJAC0001,86071,1950,3,88.4,Y
IDCJAC0001,86071,1950,4,42.5,Y
IDCJAC0001,86071,1950,5,59.9,Y
IDCJAC0001,86071,1950,6,21.4,Y
IDCJAC0001,86071,1950,7,35.4,Y
IDCJAC0001,86071,1950,8,31.4,Y
IDCJAC0001,86071,1950,9,75.5,Y
IDCJAC0001,86071,1950,10,79.3,Y
IDCJAC0001,86071,1950,11,51.2,Y
IDCJAC0001,86071,1950,12,61.5,Y
IDCJAC0001,86071,1951,1,32.7,Y
IDCJAC0001,86071,1951,2,139.3,Y
IDCJAC0001,86071,1951,3,4.9,Y
IDCJAC0001,86071,1951,4,83.8,Y
IDCJAC0001,86071,1951,5,96.4,Y
IDCJAC0001,86071,1951,6,65.2,Y
IDCJAC0001,86071,1951,7,74,Y
IDCJAC0001,86071,1951,8,70.5,Y
IDCJAC0001,86071,1951,9,47.5,Y
IDCJAC0001,86071,1951,10,43.6,Y
IDCJAC0001,86071,1951,11,46.3,Y
IDCJAC0001,86071,1951,12,55.3,Y
IDCJAC0001,86071,1952,1,22.9,Y
IDCJAC0001,86071,1952,2,55.6,Y
IDCJAC0001,86071,1952,3,35.8,Y
IDCJAC0001,86071,1952,4,49.5,Y
IDCJAC0001,86071,1952,5,78.2,Y
IDCJAC0001,86071,1952,6,89.3,Y
IDCJAC0001,86071,1952,7,125.8,Y
IDCJAC0001,86071,1952,8,70.5,Y
IDCJAC0001,86071,1952,9,61,Y
IDCJAC0001,86071,1952,10,86.8,Y
IDCJAC0001,86071,1952,11,115.7,Y
IDCJAC0001,86071,1952,12,83.8,Y
IDCJAC0001,86071,1953,1,73.4,Y
IDCJAC0001,86071,1953,2,58.8,Y
IDCJAC0001,86071,1953,3,16.6,Y
IDCJAC0001,86071,1953,4,36.6,Y
IDCJAC0001,86071,1953,5,67,Y
IDCJAC0001,86071,1953,6,48.9,Y
IDCJAC0001,86071,1953,7,32,Y
IDCJAC0001,86071,1953,8,57.8,Y
IDCJAC0001,86071,1953,9,113.2,Y
IDCJAC0001,86071,1953,10,119.4,Y
IDCJAC0001,86071,1953,11,66.7,Y
IDCJAC0001,86071,1953,12,31.5,Y
IDCJAC0001,86071,1954,1,33.4,Y
IDCJAC0001,86071,1954,2,42,Y
IDCJAC0001,86071,1954,3,11,Y
IDCJAC0001,86071,1954,4,58.5,Y
IDCJAC0001,86071,1954,5,45.9,Y
IDCJAC0001,86071,1954,6,52,Y
IDCJAC0001,86071,1954,7,38.6,Y
IDCJAC0001,86071,1954,8,53.3,Y
IDCJAC0001,86071,1954,9,54.7,Y
IDCJAC0001,86071,1954,10,89,Y
IDCJAC0001,86071,1954,11,206.1,Y
IDCJAC0001,86071,1954,12,168.5,Y
IDCJAC0001,86071,1955,1,20.8,Y
IDCJAC0001,86071,1955,2,102,Y
IDCJAC0001,86071,1955,3,65.2,Y
IDCJAC0001,86071,1955,4,38.1,Y
IDCJAC0001,86071,1955,5,78.4,Y
IDCJAC0001,86071,1955,6,67.9,Y
IDCJAC0001,86071,1955,7,46.5,Y
IDCJAC0001,86071,1955,8,73.8,Y
IDCJAC0001,86071,1955,9,89.2,Y
IDCJAC0001,86071,1955,10,70.4,Y
IDCJAC0001,86071,1955,11,38.2,Y
IDCJAC0001,86071,1955,12,90.1,Y
IDCJAC0001,86071,1956,1,106.4,Y
IDCJAC0001,86071,1956,2,1.5,Y
IDCJAC0001,86071,1956,3,93.4,Y
IDCJAC0001,86071,1956,4,52.4,Y
IDCJAC0001,86071,1956,5,106.3,Y
IDCJAC0001,86071,1956,6,30.5,Y
IDCJAC0001,86071,1956,7,44.1,Y
IDCJAC0001,86071,1956,8,68.1,Y
IDCJAC0001,86071,1956,9,76.4,Y
IDCJAC0001,86071,1956,10,113.2,Y
IDCJAC0001,86071,1956,11,72.4,Y
IDCJAC0001,86071,1956,12,22.3,Y
IDCJAC0001,86071,1957,1,6.8,Y
IDCJAC0001,86071,1957,2,30,Y
IDCJAC0001,86071,1957,3,37.4,Y
IDCJAC0001,86071,1957,4,29.4,Y
IDCJAC0001,86071,1957,5,44.2,Y
IDCJAC0001,86071,1957,6,36.7,Y
IDCJAC0001,86071,1957,7,85.9,Y
IDCJAC0001,86071,1957,8,47.1,Y
IDCJAC0001,86071,1957,9,73.6,Y
IDCJAC0001,86071,1957,10,60,Y
IDCJAC0001,86071,1957,11,51.7,Y
IDCJAC0001,86071,1957,12,27.5,Y
IDCJAC0001,86071,1958,1,13.1,Y
IDCJAC0001,86071,1958,2,103.3,Y
IDCJAC0001,86071,1958,3,21.5,Y
IDCJAC0001,86071,1958,4,27.3,Y
IDCJAC0001,86071,1958,5,89.5,Y
IDCJAC0001,86071,1958,6,15.6,Y
IDCJAC0001,86071,1958,7,52.9,Y
IDCJAC0001,86071,1958,8,81.5,Y
IDCJAC0001,86071,1958,9,76.9,Y
IDCJAC0001,86071,1958,10,102.6,Y
IDCJAC0001,86071,1958,11,70.5,Y
IDCJAC0001,86071,1958,12,31.8,Y
IDCJAC0001,86071,1959,1,13.9,Y
IDCJAC0001,86071,1959,2,31.8,Y
IDCJAC0001,86071,1959,3,104.3,Y
IDCJAC0001,86071,1959,4,15.6,Y
IDCJAC0001,86071,1959,5,37.6,Y
IDCJAC0001,86071,1959,6,61.4,Y
IDCJAC0001,86071,1959,7,65.4,Y
IDCJAC0001,86071,1959,8,47.2,Y
IDCJAC0001,86071,1959,9,104.1,Y
IDCJAC0001,86071,1959,10,82.8,Y
IDCJAC0001,86071,1959,11,23.5,Y
IDCJAC0001,86071,1959,12,69.7,Y
IDCJAC0001,86071,1960,1,45.8,Y
IDCJAC0001,86071,1960,2,61.2,Y
IDCJAC0001,86071,1960,3,10.8,Y
IDCJAC0001,86071,1960,4,195,Y
IDCJAC0001,86071,1960,5,95.2,Y
IDCJAC0001,86071,1960,6,20,Y
IDCJAC0001,86071,1960,7,52,Y
IDCJAC0001,86071,1960,8,70.9,Y
IDCJAC0001,86071,1960,9,92.5,Y
IDCJAC0001,86071,1960,10,39,Y
IDCJAC0001,86071,1960,11,137.9,Y
IDCJAC0001,86071,1960,12,31.6,Y
IDCJAC0001,86071,1961,1,33.6,Y
IDCJAC0001,86071,1961,2,37.6,Y
IDCJAC0001,86071,1961,3,60,Y
IDCJAC0001,86071,1961,4,75.9,Y
IDCJAC0001,86071,1961,5,78.1,Y
IDCJAC0001,86071,1961,6,51.7,Y
IDCJAC0001,86071,1961,7,54.1,Y
IDCJAC0001,86071,1961,8,56,Y
IDCJAC0001,86071,1961,9,25.8,Y
IDCJAC0001,86071,1961,10,35.9,Y
IDCJAC0001,86071,1961,11,26.3,Y
IDCJAC0001,86071,1961,12,27.1,Y
IDCJAC0001,86071,1962,1,60.2,Y
IDCJAC0001,86071,1962,2,30.8,Y
IDCJAC0001,86071,1962,3,9.1,Y
IDCJAC0001,86071,1962,4,27,Y
IDCJAC0001,86071,1962,5,116.5,Y
IDCJAC0001,86071,1962,6,42.1,Y
IDCJAC0001,86071,1962,7,43.4,Y
IDCJAC0001,86071,1962,8,53.3,Y
IDCJAC0001,86071,1962,9,31.1,Y
IDCJAC0001,86071,1962,10,111.2,Y
IDCJAC0001,86071,1962,11,26.7,Y
IDCJAC0001,86071,1962,12,35.5,Y
IDCJAC0001,86071,1963,1,176,Y
IDCJAC0001,86071,1963,2,31.2,Y
IDCJAC0001,86071,1963,3,48.7,Y
IDCJAC0001,86071,1963,4,11,Y
IDCJAC0001,86071,1963,5,78,Y
IDCJAC0001,86071,1963,6,42.8,Y
IDCJAC0001,86071,1963,7,83.8,Y
IDCJAC0001,86071,1963,8,44,Y
IDCJAC0001,86071,1963,9,92,Y
IDCJAC0001,86071,1963,10,88,Y
IDCJAC0001,86071,1963,11,23.4,Y
IDCJAC0001,86071,1963,12,20.1,Y
IDCJAC0001,86071,1964,1,2.1,Y
IDCJAC0001,86071,1964,2,78,Y
IDCJAC0001,86071,1964,3,28.1,Y
IDCJAC0001,86071,1964,4,100.1,Y
IDCJAC0001,86071,1964,5,75.9,Y
IDCJAC0001,86071,1964,6,29.2,Y
IDCJAC0001,86071,1964,7,58.9,Y
IDCJAC0001,86071,1964,8,59.4,Y
IDCJAC0001,86071,1964,9,77.4,Y
IDCJAC0001,86071,1964,10,68.3,Y
IDCJAC0001,86071,1964,11,34.3,Y
IDCJAC0001,86071,1964,12,95.6,Y
IDCJAC0001,86071,1965,1,13.2,Y
IDCJAC0001,86071,1965,2,0.5,Y
IDCJAC0001,86071,1965,3,14,Y
IDCJAC0001,86071,1965,4,113,Y
IDCJAC0001,86071,1965,5,73.3,Y
IDCJAC0001,86071,1965,6,26.8,Y
IDCJAC0001,86071,1965,7,63,Y
IDCJAC0001,86071,1965,8,100.7,Y
IDCJAC0001,86071,1965,9,42.8,Y
IDCJAC0001,86071,1965,10,16.8,Y
IDCJAC0001,86071,1965,11,60.9,Y
IDCJAC0001,86071,1965,12,66.3,Y
IDCJAC0001,86071,1966,1,37.9,Y
IDCJAC0001,86071,1966,2,47.9,Y
IDCJAC0001,86071,1966,3,68.9,Y
IDCJAC0001,86071,1966,4,60.6,Y
IDCJAC0001,86071,1966,5,45.3,Y
IDCJAC0001,86071,1966,6,37.9,Y
IDCJAC0001,86071,1966,7,51.8,Y
IDCJAC0001,86071,1966,8,61,Y
IDCJAC0001,86071,1966,9,63.3,Y
IDCJAC0001,86071,1966,10,65.7,Y
IDCJAC0001,86071,1966,11,40,Y
IDCJAC0001,86071,1966,12,101.9,Y
IDCJAC0001,86071,1967,1,20.7,Y
IDCJAC0001,86071,1967,2,3.6,Y
IDCJAC0001,86071,1967,3,14.3,Y
IDCJAC0001,86071,1967,4,17.8,Y
IDCJAC0001,86071,1967,5,41.9,Y
IDCJAC0001,86071,1967,6,36.2,Y
IDCJAC0001,86071,1967,7,29.4,Y
IDCJAC0001,86071,1967,8,66.4,Y
IDCJAC0001,86071,1967,9,41.3,Y
IDCJAC0001,86071,1967,10,15.1,Y
IDCJAC0001,86071,1967,11,11.2,Y
IDCJAC0001,86071,1967,12,34.4,Y
IDCJAC0001,86071,1968,1,42.9,Y
IDCJAC0001,86071,1968,2,7.7,Y
IDCJAC0001,86071,1968,3,32.8,Y
IDCJAC0001,86071,1968,4,64.7,Y
IDCJAC0001,86071,1968,5,91.5,Y
IDCJAC0001,86071,1968,6,55.4,Y
IDCJAC0001,86071,1968,7,38.1,Y
IDCJAC0001,86071,1968,8,36.6,Y
IDCJAC0001,86071,1968,9,16.7,Y
IDCJAC0001,86071,1968,10,48,Y
IDCJAC0001,86071,1968,11,42.2,Y
IDCJAC0001,86071,1968,12,56.7,Y
IDCJAC0001,86071,1969,1,19.4,Y
IDCJAC0001,86071,1969,2,115.5,Y
IDCJAC0001,86071,1969,3,55.8,Y
IDCJAC0001,86071,1969,4,25.7,Y
IDCJAC0001,86071,1969,5,128.5,Y
IDCJAC0001,86071,1969,6,11.3,Y
IDCJAC0001,86071,1969,7,59,Y
IDCJAC0001,86071,1969,8,31.4,Y
IDCJAC0001,86071,1969,9,64.4,Y
IDCJAC0001,86071,1969,10,38.9,Y
IDCJAC0001,86071,1969,11,38.7,Y
IDCJAC0001,86071,1969,12,37.1,Y
IDCJAC0001,86071,1970,1,99.1,Y
IDCJAC0001,86071,1970,2,15.5,Y
IDCJAC0001,86071,1970,3,137.2,Y
IDCJAC0001,86071,1970,4,80.1,Y
IDCJAC0001,86071,1970,5,69.3,Y
IDCJAC0001,86071,1970,6,51.5,Y
IDCJAC0001,86071,1970,7,25.2,Y
IDCJAC0001,86071,1970,8,68.2,Y
IDCJAC0001,86071,1970,9,32.8,Y
IDCJAC0001,86071,1970,10,39.6,Y
IDCJAC0001,86071,1970,11,66.7,Y
IDCJAC0001,86071,1970,12,119.2,Y
IDCJAC0001,86071,1971,1,90.4,Y
IDCJAC0001,86071,1971,2,100.7,Y
IDCJAC0001,86071,1971,3,26,Y
IDCJAC0001,86071,1971,4,48.6,Y
IDCJAC0001,86071,1971,5,61,Y
IDCJAC0001,86071,1971,6,50.6,Y
IDCJAC0001,86071,1971,7,28.1,Y
IDCJAC0001,86071,1971,8,32,Y
IDCJAC0001,86071,1971,9,49.1,Y
IDCJAC0001,86071,1971,10,87.2,Y
IDCJAC0001,86071,1971,11,139.3,Y
IDCJAC0001,86071,1971,12,67.4,Y
IDCJAC0001,86071,1972,1,28.8,Y
IDCJAC0001,86071,1972,2,238.2,Y
IDCJAC0001,86071,1972,3,17,Y
IDCJAC0001,86071,1972,4,52.4,Y
IDCJAC0001,86071,1972,5,22.7,Y
IDCJAC0001,86071,1972,6,12.7,Y
IDCJAC0001,86071,1972,7,34.3,Y
IDCJAC0001,86071,1972,8,38.1,Y
IDCJAC0001,86071,1972,9,27.9,Y
IDCJAC0001,86071,1972,10,42.6,Y
IDCJAC0001,86071,1972,11,50.4,Y
IDCJAC0001,86071,1972,12,1.7,Y
IDCJAC0001,86071,1973,1,58,Y
IDCJAC0001,86071,1973,2,200.8,Y
IDCJAC0001,86071,1973,3,83,Y
IDCJAC0001,86071,1973,4,29.8,Y
IDCJAC0001,86071,1973,5,62.9,Y
IDCJAC0001,86071,1973,6,51.9,Y
IDCJAC0001,86071,1973,7,47.1,Y
IDCJAC0001,86071,1973,8,58.1,Y
IDCJAC0001,86071,1973,9,51.6,Y
IDCJAC0001,86071,1973,10,80.6,Y
IDCJAC0001,86071,1973,11,48.4,Y
IDCJAC0001,86071,1973,12,46.1,Y
IDCJAC0001,86071,1974,1,64.8,Y
IDCJAC0001,86071,1974,2,27.2,Y
IDCJAC0001,86071,1974,3,35.9,Y
IDCJAC0001,86071,1974,4,114.4,Y
IDCJAC0001,86071,1974,5,135.4,Y
IDCJAC0001,86071,1974,6,13.2,Y
IDCJAC0001,86071,1974,7,86.6,Y
IDCJAC0001,86071,1974,8,71,Y
IDCJAC0001,86071,1974,9,66.8,Y
IDCJAC0001,86071,1974,10,86.4,Y
IDCJAC0001,86071,1974,11,50.2,Y
IDCJAC0001,86071,1974,12,51.6,Y
IDCJAC0001,86071,1975,1,20.8,Y
IDCJAC0001,86071,1975,2,7,Y
IDCJAC0001,86071,1975,3,48.2,Y
IDCJAC0001,86071,1975,4,19.6,Y
IDCJAC0001,86071,1975,5,44.4,Y
IDCJAC0001,86071,1975,6,29.2,Y
IDCJAC0001,86071,1975,7,35.8,Y
IDCJAC0001,86071,1975,8,109.4,Y
IDCJAC0001,86071,1975,9,98.6,Y
IDCJAC0001,86071,1975,10,150.2,Y
IDCJAC0001,86071,1975,11,75.8,Y
IDCJAC0001,86071,1975,12,70.8,Y
IDCJAC0001,86071,1976,1,24.1,Y
IDCJAC0001,86071,1976,2,20,Y
IDCJAC0001,86071,1976,3,33.2,Y
IDCJAC0001,86071,1976,4,14.4,Y
IDCJAC0001,86071,1976,5,21.2,Y
IDCJAC0001,86071,1976,6,29.8,Y
IDCJAC0001,86071,1976,7,17.2,Y
IDCJAC0001,86071,1976,8,56.2,Y
IDCJAC0001,86071,1976,9,78.8,Y
IDCJAC0001,86071,1976,10,72.4,Y
IDCJAC0001,86071,1976,11,95.8,Y
IDCJAC0001,86071,1976,12,40.8,Y
IDCJAC0001,86071,1977,1,75.4,Y
IDCJAC0001,86071,1977,2,30.2,Y
IDCJAC0001,86071,1977,3,27,Y
IDCJAC0001,86071,1977,4,64.4,Y
IDCJAC0001,86071,1977,5,59.6,Y
IDCJAC0001,86071,1977,6,109,Y
IDCJAC0001,86071,1977,7,46.8,Y
IDCJAC0001,86071,1977,8,24,Y
IDCJAC0001,86071,1977,9,84.8,Y
IDCJAC0001,86071,1977,10,22.2,Y
IDCJAC0001,86071,1977,11,36,Y
IDCJAC0001,86071,1977,12,25.6,Y
IDCJAC0001,86071,1978,1,52.4,Y
IDCJAC0001,86071,1978,2,41,Y
IDCJAC0001,86071,1978,3,79.8,Y
IDCJAC0001,86071,1978,4,57.8,Y
IDCJAC0001,86071,1978,5,110.6,Y
IDCJAC0001,86071,1978,6,25.8,Y
IDCJAC0001,86071,1978,7,52.8,Y
IDCJAC0001,86071,1978,8,93.4,Y
IDCJAC0001,86071,1978,9,46.4,Y
IDCJAC0001,86071,1978,10,68.6,Y
IDCJAC0001,86071,1978,11,128,Y
IDCJAC0001,86071,1978,12,110.4,Y
IDCJAC0001,86071,1979,1,36.4,Y
IDCJAC0001,86071,1979,2,43,Y
IDCJAC0001,86071,1979,3,27,Y
IDCJAC0001,86071,1979,4,44.8,Y
IDCJAC0001,86071,1979,5,88.6,Y
IDCJAC0001,86071,1979,6,16.6,Y
IDCJAC0001,86071,1979,7,9.4,Y
IDCJAC0001,86071,1979,8,63.8,Y
IDCJAC0001,86071,1979,9,62.2,Y
IDCJAC0001,86071,1979,10,112,Y
IDCJAC0001,86071,1979,11,27.4,Y
IDCJAC0001,86071,1979,12,12,Y
IDCJAC0001,86071,1980,1,62.8,Y
IDCJAC0001,86071,1980,2,20.2,Y
IDCJAC0001,86071,1980,3,15.8,Y
IDCJAC0001,86071,1980,4,76.2,Y
IDCJAC0001,86071,1980,5,62.8,Y
IDCJAC0001,86071,1980,6,87,Y
IDCJAC0001,86071,1980,7,33.8,Y
IDCJAC0001,86071,1980,8,46.8,Y
IDCJAC0001,86071,1980,9,27.4,Y
IDCJAC0001,86071,1980,10,96,Y
IDCJAC0001,86071,1980,11,44.8,Y
IDCJAC0001,86071,1980,12,70.6,Y
IDCJAC0001,86071,1981,1,40.2,Y
IDCJAC0001,86071,1981,2,32.6,Y
IDCJAC0001,86071,1981,3,44.4,Y
IDCJAC0001,86071,1981,4,20.8,Y
IDCJAC0001,86071,1981,5,107.2,Y
IDCJAC0001,86071,1981,6,56,Y
IDCJAC0001,86071,1981,7,66.2,Y
IDCJAC0001,86071,1981,8,81.4,Y
IDCJAC0001,86071,1981,9,16.6,Y
IDCJAC0001,86071,1981,10,54.6,Y
IDCJAC0001,86071,1981,11,54.4,Y
IDCJAC0001,86071,1981,12,27.8,Y
IDCJAC0001,86071,1982,1,51.2,Y
IDCJAC0001,86071,1982,2,8.8,Y
IDCJAC0001,86071,1982,3,55.2,Y
IDCJAC0001,86071,1982,4,35.6,Y
IDCJAC0001,86071,1982,5,49,Y
IDCJAC0001,86071,1982,6,30.4,Y
IDCJAC0001,86071,1982,7,12.6,Y
IDCJAC0001,86071,1982,8,28.8,Y
IDCJAC0001,86071,1982,9,44.4,Y
IDCJAC0001,86071,1982,10,41.2,Y
IDCJAC0001,86071,1982,11,17.6,Y
IDCJAC0001,86071,1982,12,47.4,Y
IDCJAC0001,86071,1983,1,29.8,Y
IDCJAC0001,86071,1983,2,0.6,Y
IDCJAC0001,86071,1983,3,46,Y
IDCJAC0001,86071,1983,4,40.4,Y
IDCJAC0001,86071,1983,5,55.2,Y
IDCJAC0001,86071,1983,6,32.4,Y
IDCJAC0001,86071,1983,7,63.6,Y
IDCJAC0001,86071,1983,8,58,Y
IDCJAC0001,86071,1983,9,81.8,Y
IDCJAC0001,86071,1983,10,114.2,Y
IDCJAC0001,86071,1983,11,70.4,Y
IDCJAC0001,86071,1983,12,19.6,Y
IDCJAC0001,86071,1984,1,70,Y
IDCJAC0001,86071,1984,2,18.8,Y
IDCJAC0001,86071,1984,3,38.4,Y
IDCJAC0001,86071,1984,4,52.4,Y
IDCJAC0001,86071,1984,5,10.2,Y
IDCJAC0001,86071,1984,6,23.8,Y
IDCJAC0001,86071,1984,7,41.4,Y
IDCJAC0001,86071,1984,8,52.2,Y
IDCJAC0001,86071,1984,9,115.2,Y
IDCJAC0001,86071,1984,10,41.4,Y
IDCJAC0001,86071,1984,11,55,Y
IDCJAC0001,86071,1984,12,46,Y
IDCJAC0001,86071,1985,1,16.6,Y
IDCJAC0001,86071,1985,2,6.2,Y
IDCJAC0001,86071,1985,3,49.4,Y
IDCJAC0001,86071,1985,4,62.2,Y
IDCJAC0001,86071,1985,5,53.8,Y
IDCJAC0001,86071,1985,6,62.8,Y
IDCJAC0001,86071,1985,7,37.8,Y
IDCJAC0001,86071,1985,8,80.8,Y
IDCJAC0001,86071,1985,9,42,Y
IDCJAC0001,86071,1985,10,52.8,Y
IDCJAC0001,86071,1985,11,77,Y
IDCJAC0001,86071,1985,12,136.8,Y
IDCJAC0001,86071,1986,1,22.4,Y
IDCJAC0001,86071,1986,2,16,Y
IDCJAC0001,86071,1986,3,17,Y
IDCJAC0001,86071,1986,4,55.2,Y
IDCJAC0001,86071,1986,5,73.8,Y
IDCJAC0001,86071,1986,6,28.2,Y
IDCJAC0001,86071,1986,7,76.8,Y
IDCJAC0001,86071,1986,8,48.4,Y
IDCJAC0001,86071,1986,9,27.4,Y
IDCJAC0001,86071,1986,10,53.8,Y
IDCJAC0001,86071,1986,11,38.4,Y
IDCJAC0001,86071,1986,12,70.2,Y
IDCJAC0001,86071,1987,1,57.2,Y
IDCJAC0001,86071,1987,2,57.2,Y
IDCJAC0001,86071,1987,3,50.2,Y
IDCJAC0001,86071,1987,4,18.6,Y
IDCJAC0001,86071,1987,5,85.2,Y
IDCJAC0001,86071,1987,6,51.2,Y
IDCJAC0001,86071,1987,7,68.8,Y
IDCJAC0001,86071,1987,8,23.2,Y
IDCJAC0001,86071,1987,9,38,Y
IDCJAC0001,86071,1987,10,38.8,Y
IDCJAC0001,86071,1987,11,82,Y
IDCJAC0001,86071,1987,12,84.6,Y
IDCJAC0001,86071,1988,1,55.2,Y
IDCJAC0001,86071,1988,2,19.2,Y
IDCJAC0001,86071,1988,3,29.4,Y
IDCJAC0001,86071,1988,4,10.2,Y
IDCJAC0001,86071,1988,5,58,Y
IDCJAC0001,86071,1988,6,50.6,Y
IDCJAC0001,86071,1988,7,56.6,Y
IDCJAC0001,86071,1988,8,53,Y
IDCJAC0001,86071,1988,9,49.6,Y
IDCJAC0001,86071,1988,10,27.4,Y
IDCJAC0001,86071,1988,11,165.8,Y
IDCJAC0001,86071,1988,12,103.6,Y
IDCJAC0001,86071,1989,1,47.6,Y
IDCJAC0001,86071,1989,2,44.2,Y
IDCJAC0001,86071,1989,3,81.8,Y
IDCJAC0001,86071,1989,4,92.8,Y
IDCJAC0001,86071,1989,5,56,Y
IDCJAC0001,86071,1989,6,90.4,Y
IDCJAC0001,86071,1989,7,51.2,Y
IDCJAC0001,86071,1989,8,77.8,Y
IDCJAC0001,86071,1989,9,40.6,Y
IDCJAC0001,86071,1989,10,90.4,Y
IDCJAC0001,86071,1989,11,31.2,Y
IDCJAC0001,86071,1989,12,88.8,Y
IDCJAC0001,86071,1990,1,3.8,Y
IDCJAC0001,86071,1990,2,74.4,Y
IDCJAC0001,86071,1990,3,32,Y
IDCJAC0001,86071,1990,4,94.6,Y
IDCJAC0001,86071,1990,5,17.2,Y
IDCJAC0001,86071,1990,6,37.2,Y
IDCJAC0001,86071,1990,7,91,Y
IDCJAC0001,86071,1990,8,49.8,Y
IDCJAC0001,86071,1990,9,54.4,Y
IDCJAC0001,86071,1990,10,96.6,Y
IDCJAC0001,86071,1990,11,47.6,Y
IDCJAC0001,86071,1990,12,26.6,Y
IDCJAC0001,86071,1991,1,126,Y
IDCJAC0001,86071,1991,2,0.6,Y
IDCJAC0001,86071,1991,3,55.6,Y
IDCJAC0001,86071,1991,4,43.8,Y
IDCJAC0001,86071,1991,5,19,Y
IDCJAC0001,86071,1991,6,116.8,Y
IDCJAC0001,86071,1991,7,50.6,Y
IDCJAC0001,86071,1991,8,63.2,Y
IDCJAC0001,86071,1991,9,74.2,Y
IDCJAC0001,86071,1991,10,34.2,Y
IDCJAC0001,86071,1991,11,25.4,Y
IDCJAC0001,86071,1991,12,111.2,Y
IDCJAC0001,86071,1992,1,45.4,Y
IDCJAC0001,86071,1992,2,32,Y
IDCJAC0001,86071,1992,3,28.2,Y
IDCJAC0001,86071,1992,4,43.4,Y
IDCJAC0001,86071,1992,5,64.4,Y
IDCJAC0001,86071,1992,6,45,Y
IDCJAC0001,86071,1992,7,26.8,Y
IDCJAC0001,86071,1992,8,65,Y
IDCJAC0001,86071,1992,9,125.2,Y
IDCJAC0001,86071,1992,10,106,Y
IDCJAC0001,86071,1992,11,139.8,Y
IDCJAC0001,86071,1992,12,108.6,Y
IDCJAC0001,86071,1993,1,92.8,Y
IDCJAC0001,86071,1993,2,58.8,Y
IDCJAC0001,86071,1993,3,37.6,Y
IDCJAC0001,86071,1993,4,20.2,Y
IDCJAC0001,86071,1993,5,37.4,Y
IDCJAC0001,86071,1993,6,36.6,Y
IDCJAC0001,86071,1993,7,51.4,Y
IDCJAC0001,86071,1993,8,53.2,Y
IDCJAC0001,86071,1993,9,126,Y
IDCJAC0001,86071,1993,10,61.2,Y
IDCJAC0001,86071,1993,11,71.4,Y
IDCJAC0001,86071,1993,12,197.4,Y
IDCJAC0001,86071,1994,1,30,Y
IDCJAC0001,86071,1994,2,106.8,Y
IDCJAC0001,86071,1994,3,26.2,Y
IDCJAC0001,86071,1994,4,66,Y
IDCJAC0001,86071,1994,5,31.8,Y
IDCJAC0001,86071,1994,6,40.8,Y
IDCJAC0001,86071,1994,7,12,Y
IDCJAC0001,86071,1994,8,24.6,Y
IDCJAC0001,86071,1994,9,32.2,Y
IDCJAC0001,86071,1994,10,36,Y
IDCJAC0001,86071,1994,11,51,Y
IDCJAC0001,86071,1994,12,14.4,Y
IDCJAC0001,86071,1995,1,101.4,Y
IDCJAC0001,86071,1995,2,22,Y
IDCJAC0001,86071,1995,3,71.6,Y
IDCJAC0001,86071,1995,4,102,Y
IDCJAC0001,86071,1995,5,79.4,Y
IDCJAC0001,86071,1995,6,76.2,Y
IDCJAC0001,86071,1995,7,58.6,Y
IDCJAC0001,86071,1995,8,46.4,Y
IDCJAC0001,86071,1995,9,46.4,Y
IDCJAC0001,86071,1995,10,91.2,Y
IDCJAC0001,86071,1995,11,76.4,Y
IDCJAC0001,86071,1995,12,31.4,Y
IDCJAC0001,86071,1996,1,116.2,Y
IDCJAC0001,86071,1996,2,87,Y
IDCJAC0001,86071,1996,3,42.8,Y
IDCJAC0001,86071,1996,4,130.4,Y
IDCJAC0001,86071,1996,5,32.2,Y
IDCJAC0001,86071,1996,6,71.4,Y
IDCJAC0001,86071,1996,7,72.8,Y
IDCJAC0001,86071,1996,8,52.8,Y
IDCJAC0001,86071,1996,9,62.4,Y
IDCJAC0001,86071,1996,10,48.4,Y
IDCJAC0001,86071,1996,11,37,Y
IDCJAC0001,86071,1996,12,23.6,Y
IDCJAC0001,86071,1997,1,29.2,Y
IDCJAC0001,86071,1997,2,4.6,Y
IDCJAC0001,86071,1997,3,20,Y
IDCJAC0001,86071,1997,4,13.8,Y
IDCJAC0001,86071,1997,5,59.6,Y
IDCJAC0001,86071,1997,6,35,Y
IDCJAC0001,86071,1997,7,18.2,Y
IDCJAC0001,86071,1997,8,27.8,Y
IDCJAC0001,86071,1997,9,56.8,Y
IDCJAC0001,86071,1997,10,30.8,Y
IDCJAC0001,86071,1997,11,56.8,Y
IDCJAC0001,86071,1997,12,7.2,Y
IDCJAC0001,86071,1998,1,59.4,Y
IDCJAC0001,86071,1998,2,71.6,Y
IDCJAC0001,86071,1998,3,7.4,Y
IDCJAC0001,86071,1998,4,50.2,Y
IDCJAC0001,86071,1998,5,50,Y
IDCJAC0001,86071,1998,6,50.6,Y
IDCJAC0001,86071,1998,7,39.6,Y
IDCJAC0001,86071,1998,8,22.8,Y
IDCJAC0001,86071,1998,9,35.4,Y
IDCJAC0001,86071,1998,10,78.6,Y
IDCJAC0001,86071,1998,11,57,Y
IDCJAC0001,86071,1998,12,62.4,Y
IDCJAC0001,86071,1999,1,25.4,Y
IDCJAC0001,86071,1999,2,47.6,Y
IDCJAC0001,86071,1999,3,48,Y
IDCJAC0001,86071,1999,4,40.2,Y
IDCJAC0001,86071,1999,5,63.4,Y
IDCJAC0001,86071,1999,6,54.2,Y
IDCJAC0001,86071,1999,7,17.8,Y
IDCJAC0001,86071,1999,8,86.6,Y
IDCJAC0001,86071,1999,9,30.8,Y
IDCJAC0001,86071,1999,10,62,Y
IDCJAC0001,86071,1999,11,40.2,Y
IDCJAC0001,86071,1999,12,94.2,Y
IDCJAC0001,86071,2000,1,38,Y
IDCJAC0001,86071,2000,2,33.4,Y
IDCJAC0001,86071,2000,3,25.4,Y
IDCJAC0001,86071,2000,4,47,Y
IDCJAC0001,86071,2000,5,91,Y
IDCJAC0001,86071,2000,6,42,Y
IDCJAC0001,86071,2000,7,46.8,Y
IDCJAC0001,86071,2000,8,49.2,Y
IDCJAC0001,86071,2000,9,81.6,Y
IDCJAC0001,86071,2000,10,105.8,Y
IDCJAC0001,86071,2000,11,34.8,Y
IDCJAC0001,86071,2000,12,34.6,Y
IDCJAC0001,86071,2001,1,11.8,Y
IDCJAC0001,86071,2001,2,11.6,Y
IDCJAC0001,86071,2001,3,86.6,Y
IDCJAC0001,86071,2001,4,125.6,Y
IDCJAC0001,86071,2001,5,14.6,Y
IDCJAC0001,86071,2001,6,59.8,Y
IDCJAC0001,86071,2001,7,12.4,Y
IDCJAC0001,86071,2001,8,49,Y
IDCJAC0001,86071,2001,9,39.4,Y
IDCJAC0001,86071,2001,10,70.2,Y
IDCJAC0001,86071,2001,11,74.8,Y
IDCJAC0001,86071,2001,12,49.4,Y
IDCJAC0001,86071,2002,1,38.2,Y
IDCJAC0001,86071,2002,2,68,Y
IDCJAC0001,86071,2002,3,21,Y
IDCJAC0001,86071,2002,4,39.4,Y
IDCJAC0001,86071,2002,5,36.8,Y
IDCJAC0001,86071,2002,6,27.2,Y
IDCJAC0001,86071,2002,7,19.6,Y
IDCJAC0001,86071,2002,8,35.6,Y
IDCJAC0001,86071,2002,9,39.2,Y
IDCJAC0001,86071,2002,10,34.2,Y
IDCJAC0001,86071,2002,11,25.4,Y
IDCJAC0001,86071,2002,12,12,Y
IDCJAC0001,86071,2003,1,10.6,Y
IDCJAC0001,86071,2003,2,20,Y
IDCJAC0001,86071,2003,3,22.6,Y
IDCJAC0001,86071,2003,4,73.2,Y
IDCJAC0001,86071,2003,5,23.6,Y
IDCJAC0001,86071,2003,6,35.2,Y
IDCJAC0001,86071,2003,7,68,Y
IDCJAC0001,86071,2003,8,49.4,Y
IDCJAC0001,86071,2003,9,29.2,Y
IDCJAC0001,86071,2003,10,70.8,Y
IDCJAC0001,86071,2003,11,19.2,Y
IDCJAC0001,86071,2003,12,71.2,Y
IDCJAC0001,86071,2004,1,63.2,Y
IDCJAC0001,86071,2004,2,13,Y
IDCJAC0001,86071,2004,3,14.8,Y
IDCJAC0001,86071,2004,4,51.8,Y
IDCJAC0001,86071,2004,5,29.2,Y
IDCJAC0001,86071,2004,6,38.2,Y
IDCJAC0001,86071,2004,7,27.6,Y
IDCJAC0001,86071,2004,8,72.2,Y
IDCJAC0001,86071,2004,9,65,Y
IDCJAC0001,86071,2004,10,64.8,Y
IDCJAC0001,86071,2004,11,123.4,Y
IDCJAC0001,86071,2004,12,59,Y
IDCJAC0001,86071,2005,1,23.8,Y
IDCJAC0001,86071,2005,2,167.4,Y
IDCJAC0001,86071,2005,3,8.6,Y
IDCJAC0001,86071,2005,4,30.6,Y
IDCJAC0001,86071,2005,5,10.6,Y
IDCJAC0001,86071,2005,6,42.6,Y
IDCJAC0001,86071,2005,7,25.2,Y
IDCJAC0001,86071,2005,8,59.4,Y
IDCJAC0001,86071,2005,9,41,Y
IDCJAC0001,86071,2005,10,41.6,Y
IDCJAC0001,86071,2005,11,57.6,Y
IDCJAC0001,86071,2005,12,81.6,Y
IDCJAC0001,86071,2006,1,54.2,Y
IDCJAC0001,86071,2006,2,72.4,Y
IDCJAC0001,86071,2006,3,16,Y
IDCJAC0001,86071,2006,4,45,Y
IDCJAC0001,86071,2006,5,67,Y
IDCJAC0001,86071,2006,6,8.8,Y
IDCJAC0001,86071,2006,7,51.6,Y
IDCJAC0001,86071,2006,8,34.4,Y
IDCJAC0001,86071,2006,9,36.6,Y
IDCJAC0001,86071,2006,10,9.2,Y
IDCJAC0001,86071,2006,11,24.8,Y
IDCJAC0001,86071,2006,12,18.4,Y
IDCJAC0001,86071,2007,1,33.4,Y
IDCJAC0001,86071,2007,2,13.2,Y
IDCJAC0001,86071,2007,3,42.2,Y
IDCJAC0001,86071,2007,4,23,Y
IDCJAC0001,86071,2007,5,38.8,Y
IDCJAC0001,86071,2007,6,46.8,Y
IDCJAC0001,86071,2007,7,62.6,Y
IDCJAC0001,86071,2007,8,15,Y
IDCJAC0001,86071,2007,9,18.6,Y
IDCJAC0001,86071,2007,10,17.4,Y
IDCJAC0001,86071,2007,11,66.2,Y
IDCJAC0001,86071,2007,12,71.2,Y
IDCJAC0001,86071,2008,1,32.8,Y
IDCJAC0001,86071,2008,2,24.6,Y
IDCJAC0001,86071,2008,3,70.8,Y
IDCJAC0001,86071,2008,4,16.4,Y
IDCJAC0001,86071,2008,5,44,Y
IDCJAC0001,86071,2008,6,14.4,Y
IDCJAC0001,86071,2008,7,44.4,Y
IDCJAC0001,86071,2008,8,44.8,Y
IDCJAC0001,86071,2008,9,12,Y
IDCJAC0001,86071,2008,10,14.2,Y
IDCJAC0001,86071,2008,11,54.2,Y
IDCJAC0001,86071,2008,12,76.8,Y
IDCJAC0001,86071,2009,1,0.8,Y
IDCJAC0001,86071,2009,2,3,Y
IDCJAC0001,86071,2009,3,47.6,Y
IDCJAC0001,86071,2009,4,39.2,Y
IDCJAC0001,86071,2009,5,10.6,Y
IDCJAC0001,86071,2009,6,25.8,Y
IDCJAC0001,86071,2009,7,39.6,Y
IDCJAC0001,86071,2009,8,41.2,Y
IDCJAC0001,86071,2009,9,71.2,Y
IDCJAC0001,86071,2009,10,22,Y
IDCJAC0001,86071,2009,11,103.6,Y
IDCJAC0001,86071,2009,12,60.2,Y
IDCJAC0001,86071,2010,1,25.6,Y
IDCJAC0001,86071,2010,2,62.8,Y
IDCJAC0001,86071,2010,3,84.8,Y
IDCJAC0001,86071,2010,4,21.4,Y
IDCJAC0001,86071,2010,5,25,Y
IDCJAC0001,86071,2010,6,63.4,Y
IDCJAC0001,86071,2010,7,30.8,Y
IDCJAC0001,86071,2010,8,68.2,Y
IDCJAC0001,86071,2010,9,53,Y
IDCJAC0001,86071,2010,10,144.8,Y
IDCJAC0001,86071,2010,11,115.2,Y
IDCJAC0001,86071,2010,12,85.6,Y
IDCJAC0001,86071,2011,1,89.6,Y
IDCJAC0001,86071,2011,2,131.4,Y
IDCJAC0001,86071,2011,3,30.4,Y
IDCJAC0001,86071,2011,4,99.6,Y
IDCJAC0001,86071,2011,5,68.4,N
IDCJAC0001,86071,2011,6,32.4,Y
IDCJAC0001,86071,2011,7,37.4,Y
IDCJAC0001,86071,2011,8,19,Y
IDCJAC0001,86071,2011,9,72,Y
IDCJAC0001,86071,2011,10,63.2,Y
IDCJAC0001,86071,2011,11,108.8,Y
IDCJAC0001,86071,2011,12,80.2,Y
IDCJAC0001,86071,2012,1,29.4,Y
IDCJAC0001,86071,2012,2,59.8,Y
IDCJAC0001,86071,2012,3,59,Y
IDCJAC0001,86071,2012,4,50.6,Y
IDCJAC0001,86071,2012,5,82.6,Y
IDCJAC0001,86071,2012,6,72.4,Y
IDCJAC0001,86071,2012,7,59,Y
IDCJAC0001,86071,2012,8,52.8,Y
IDCJAC0001,86071,2012,9,39.2,Y
IDCJAC0001,86071,2012,10,29.2,Y
IDCJAC0001,86071,2012,11,37.2,Y
IDCJAC0001,86071,2012,12,30,Y
IDCJAC0001,86071,2013,1,7.6,Y
IDCJAC0001,86071,2013,2,66.4,Y
IDCJAC0001,86071,2013,3,41.4,Y
IDCJAC0001,86071,2013,4,28,Y
IDCJAC0001,86071,2013,5,38,Y
IDCJAC0001,86071,2013,6,99.8,Y
IDCJAC0001,86071,2013,7,62.4,Y
IDCJAC0001,86071,2013,8,58.6,Y
IDCJAC0001,86071,2013,9,87.2,Y
IDCJAC0001,86071,2013,10,51.4,Y
IDCJAC0001,86071,2013,11,59.2,Y
IDCJAC0001,86071,2013,12,41,Y
IDCJAC0001,86071,2014,1,13.6,Y
IDCJAC0001,86071,2014,2,25.6,Y
IDCJAC0001,86071,2014,3,26.2,Y
IDCJAC0001,86071,2014,4,76.8,Y
IDCJAC0001,86071,2014,5,35.2,Y
IDCJAC0001,86071,2014,6,53.4,Y
IDCJAC0001,86071,2014,7,19,Y
IDCJAC0001,86071,2014,8,37.2,Y
IDCJAC0001,86071,2014,9,34.2,Y
IDCJAC0001,86071,2014,10,52.2,N
IDCJAC0001,86071,2014,11,59.6,Y
IDCJAC0001,86071,2014,12,39.8,Y
IDCJAC0001,86071,2015,1,5.6,N